전략군,범위,모델,순위,종목코드,종목명,선정일,선정일 종가,선정일 시가총액,보유종료일,보유종료일 종가,선정일 대비 종가 등락율(%),보유기간(일),점수,비중
I,internal,I-STOCK-STRONG-RSI-V01,1,089030,테크윙,2026-03-04,51000,1889735895000,2026-03-11,65000,27.45,7,102.738854,1.0
I,internal,I-STOCK-STRONG-RSI-V01,1,295310,에이치브이엠,2026-03-11,108800,,2026-03-18,96600,-11.21,7,123.0,0.058824
I,internal,I-STOCK-STRONG-RSI-V01,2,050890,쏠리드,2026-03-11,11710,,2026-03-18,13220,12.89,7,121.0,0.058824
I,internal,I-STOCK-STRONG-RSI-V01,3,052020,에스티큐브,2026-03-11,13400,910976099400,2026-03-18,16300,21.64,7,115.0,0.058824
I,internal,I-STOCK-STRONG-RSI-V01,4,376900,로킷헬스케어,2026-03-11,97000,1519164433000,2026-03-18,128700,32.68,7,115.0,0.058824
I,internal,I-STOCK-STRONG-RSI-V01,5,425420,티에프이,2026-03-11,59500,,2026-03-18,57600,-3.19,7,115.0,0.058824
I,internal,I-STOCK-STRONG-RSI-V01,6,032500,케이엠더블유,2026-03-11,24700,1019899333700,2026-03-18,28850,16.8,7,113.0,0.058824
I,internal,I-STOCK-STRONG-RSI-V01,7,015750,성우하이텍,2026-03-11,10650,,2026-03-18,9610,-9.77,7,110.123566,0.058824
I,internal,I-STOCK-STRONG-RSI-V01,8,368770,파이버프로,2026-03-11,16550,,2026-03-18,16960,2.48,7,104.0,0.058824
I,internal,I-STOCK-STRONG-RSI-V01,9,043260,성호전자,2026-03-11,48000,3404295504000,2026-03-18,42500,-11.46,7,96.0,0.058824
I,internal,I-STOCK-STRONG-RSI-V01,10,189300,인텔리안테크,2026-03-11,140100,1504323329700,2026-03-18,127400,-9.06,7,93.249336,0.058824
I,internal,I-STOCK-STRONG-RSI-V01,11,327260,RF머트리얼즈,2026-03-11,66500,,2026-03-18,55700,-16.24,7,93.081958,0.058824
I,internal,I-STOCK-STRONG-RSI-V01,12,174900,앱클론,2026-03-11,73000,,2026-03-18,81000,10.96,7,92.791331,0.058824
I,internal,I-STOCK-STRONG-RSI-V01,13,033160,엠케이전자,2026-03-11,12890,,2026-03-18,14450,12.1,7,91.120846,0.058824
I,internal,I-STOCK-STRONG-RSI-V01,14,010170,대한광통신,2026-03-11,7160,945017325600,2026-03-18,7030,-1.82,7,90.845266,0.058824
I,internal,I-STOCK-STRONG-RSI-V01,15,218410,RFHIC,2026-03-11,89600,2379188403200,2026-03-18,78300,-12.61,7,85.215105,0.058824
I,internal,I-STOCK-STRONG-RSI-V01,16,036830,솔브레인홀딩스,2026-03-11,62400,1308157094400,2026-03-18,55000,-11.86,7,81.336015,0.058824
I,internal,I-STOCK-STRONG-RSI-V01,17,027360,아주IB투자,2026-03-11,6130,742621338780,2026-03-18,7500,22.35,7,80.265814,0.058824
I,internal,I-STOCK-STRONG-RSI-V01,1,007340,DN오토모티브,2026-03-18,37950,,2026-03-25,39200,3.29,7,125.0,0.033333
I,internal,I-STOCK-STRONG-RSI-V01,2,222800,심텍,2026-03-18,59600,2225596192800,2026-03-25,62600,5.03,7,119.0,0.033333
I,internal,I-STOCK-STRONG-RSI-V01,3,445680,큐리옥스바이오시스템즈,2026-03-18,139600,2389928686800,2026-03-25,116900,-16.26,7,115.0,0.033333
I,internal,I-STOCK-STRONG-RSI-V01,4,006260,LS,2026-03-18,282000,8798400000000,2026-03-25,283500,0.53,7,114.0,0.033333
I,internal,I-STOCK-STRONG-RSI-V01,5,039200,오스코텍,2026-03-18,58400,2234277478400,2026-03-25,53700,-8.05,7,114.0,0.033333
I,internal,I-STOCK-STRONG-RSI-V01,6,047810,한국항공우주,2026-03-18,194300,18939413290100,2026-03-25,185000,-4.79,7,114.0,0.033333
I,internal,I-STOCK-STRONG-RSI-V01,7,031330,에스에이엠티,2026-03-18,5400,,2026-03-25,5570,3.15,7,111.570559,0.033333
I,internal,I-STOCK-STRONG-RSI-V01,8,005930,삼성전자,2026-03-18,208500,1234244506737000,2026-03-25,189000,-9.35,7,108.0,0.033333
I,internal,I-STOCK-STRONG-RSI-V01,9,010060,OCI홀딩스,2026-03-18,193600,3614556915200,2026-03-25,182800,-5.58,7,107.0,0.033333
I,internal,I-STOCK-STRONG-RSI-V01,10,010120,LS ELECTRIC,2026-03-18,833000,24990000000000,2026-03-25,844000,1.32,7,107.0,0.033333
I,internal,I-STOCK-STRONG-RSI-V01,11,024850,HLB이노베이션,2026-03-18,4800,,2026-03-25,5390,12.29,7,107.0,0.033333
I,internal,I-STOCK-STRONG-RSI-V01,12,047040,대우건설,2026-03-18,14870,6180308627060,2026-03-25,16410,10.36,7,107.0,0.033333
I,internal,I-STOCK-STRONG-RSI-V01,13,089970,브이엠,2026-03-18,45900,1120496800500,2026-03-25,47750,4.03,7,107.0,0.033333
I,internal,I-STOCK-STRONG-RSI-V01,14,095340,ISC,2026-03-18,230000,4875323340000,2026-03-25,250000,8.7,7,107.0,0.033333
I,internal,I-STOCK-STRONG-RSI-V01,15,131290,티에스이,2026-03-18,119900,1326265337100,2026-03-25,121700,1.5,7,107.0,0.033333
I,internal,I-STOCK-STRONG-RSI-V01,16,278470,에이피알,2026-03-18,362000,13552612110000,2026-03-25,328500,-9.25,7,107.0,0.033333
I,internal,I-STOCK-STRONG-RSI-V01,17,319660,피에스케이,2026-03-18,77500,2244920335000,2026-03-25,84200,8.65,7,107.0,0.033333
I,internal,I-STOCK-STRONG-RSI-V01,18,353200,대덕전자,2026-03-18,74800,,2026-03-25,88600,18.45,7,107.0,0.033333
I,internal,I-STOCK-STRONG-RSI-V01,19,356860,티엘비,2026-03-18,71100,,2026-03-25,78500,10.41,7,107.0,0.033333
I,internal,I-STOCK-STRONG-RSI-V01,20,376900,로킷헬스케어,2026-03-18,128700,2025575709300,2026-03-25,120300,-6.53,7,107.0,0.033333
I,internal,I-STOCK-STRONG-RSI-V01,21,458870,씨어스,2026-03-18,185100,2348285958000,2026-03-25,52300,-71.75,7,107.0,0.033333
I,internal,I-STOCK-STRONG-RSI-V01,22,090710,휴림로봇,2026-03-18,14890,1778717663330,2026-03-25,13720,-7.86,7,106.0,0.033333
I,internal,I-STOCK-STRONG-RSI-V01,23,298020,효성티앤씨,2026-03-18,394500,,2026-03-25,385000,-2.41,7,106.0,0.033333
I,internal,I-STOCK-STRONG-RSI-V01,24,032820,우리기술,2026-03-18,29300,4954177227100,2026-03-25,25850,-11.77,7,105.926116,0.033333
I,internal,I-STOCK-STRONG-RSI-V01,25,006360,GS건설,2026-03-18,25650,,2026-03-25,27400,6.82,7,105.0,0.033333
I,internal,I-STOCK-STRONG-RSI-V01,26,443060,HD현대마린솔루션,2026-03-18,183400,8222066839000,2026-03-25,181400,-1.09,7,104.537128,0.033333
I,internal,I-STOCK-STRONG-RSI-V01,27,000660,SK하이닉스,2026-03-18,1056000,752613697440000,2026-03-25,995000,-5.78,7,104.0,0.033333
I,internal,I-STOCK-STRONG-RSI-V01,28,036810,에프에스티,2026-03-18,44050,,2026-03-25,42150,-4.31,7,104.0,0.033333
I,internal,I-STOCK-STRONG-RSI-V01,29,141080,리가켐바이오,2026-03-18,211000,7724781318000,2026-03-25,213500,1.18,7,104.0,0.033333
I,internal,I-STOCK-STRONG-RSI-V01,30,052690,한전기술,2026-03-18,172300,6585306000000,2026-03-25,168800,-2.03,7,102.676572,0.033333
I,internal,I-STOCK-STRONG-RSI-V01,1,066970,엘앤에프,2026-03-25,145300,5858752018600,2026-04-01,147400,1.45,7,125.0,0.033333
I,internal,I-STOCK-STRONG-RSI-V01,2,460930,현대힘스,2026-03-25,21300,,2026-04-01,18710,-12.16,7,114.0,0.033333
I,internal,I-STOCK-STRONG-RSI-V01,3,011070,LG이노텍,2026-03-25,313000,7407804491000,2026-04-01,343000,9.58,7,110.0,0.033333
I,internal,I-STOCK-STRONG-RSI-V01,4,003230,삼양식품,2026-03-25,1216000,9160146240000,2026-04-01,1316000,8.22,7,109.936393,0.033333
I,internal,I-STOCK-STRONG-RSI-V01,5,062040,산일전기,2026-03-25,165800,5064394160000,2026-04-01,142000,-14.35,7,108.466125,0.033333
I,internal,I-STOCK-STRONG-RSI-V01,6,000250,삼천당제약,2026-03-25,1115000,26155081280000,2026-04-01,744000,-33.27,7,107.0,0.033333
I,internal,I-STOCK-STRONG-RSI-V01,7,007810,코리아써키트,2026-03-25,79500,,2026-04-01,75200,-5.41,7,107.0,0.033333
I,internal,I-STOCK-STRONG-RSI-V01,8,161890,한국콜마,2026-03-25,79600,,2026-04-01,78600,-1.26,7,107.0,0.033333
I,internal,I-STOCK-STRONG-RSI-V01,9,213420,덕산네오룩스,2026-03-25,52500,1303636897500,2026-04-01,49700,-5.33,7,107.0,0.033333
I,internal,I-STOCK-STRONG-RSI-V01,10,368770,파이버프로,2026-03-25,23050,,2026-04-01,22150,-3.9,7,107.0,0.033333
I,internal,I-STOCK-STRONG-RSI-V01,11,395400,SK리츠,2026-03-25,6540,,2026-04-01,6350,-2.91,7,107.0,0.033333
I,internal,I-STOCK-STRONG-RSI-V01,12,353200,대덕전자,2026-03-25,88600,,2026-04-01,88000,-0.68,7,106.655363,0.033333
I,internal,I-STOCK-STRONG-RSI-V01,13,298040,효성중공업,2026-03-25,2990000,27880398520000,2026-04-01,2653000,-11.27,7,106.62642,0.033333
I,internal,I-STOCK-STRONG-RSI-V01,14,023160,태광,2026-03-25,35650,922167177300,2026-04-01,35700,0.14,7,104.0,0.033333
I,internal,I-STOCK-STRONG-RSI-V01,15,490470,세미파이브,2026-03-25,31850,,2026-04-01,25000,-21.51,7,102.535686,0.033333
I,internal,I-STOCK-STRONG-RSI-V01,16,372320,큐로셀,2026-03-25,52400,,2026-04-01,55800,6.49,7,101.4757,0.033333
I,internal,I-STOCK-STRONG-RSI-V01,17,067310,하나마이크론,2026-03-25,36200,2404705401200,2026-04-01,30450,-15.88,7,100.096366,0.033333
I,internal,I-STOCK-STRONG-RSI-V01,18,078930,GS,2026-03-25,70200,6522659535600,2026-04-01,67200,-4.27,7,98.774395,0.033333
I,internal,I-STOCK-STRONG-RSI-V01,19,041960,코미팜,2026-03-25,9610,,2026-04-01,8510,-11.45,7,98.0,0.033333
I,internal,I-STOCK-STRONG-RSI-V01,20,082920,비츠로셀,2026-03-25,35850,1625420250450,2026-04-01,38500,7.39,7,96.0,0.033333
I,internal,I-STOCK-STRONG-RSI-V01,21,375500,DL이앤씨,2026-03-25,69300,,2026-04-01,72500,4.62,7,96.0,0.033333
I,internal,I-STOCK-STRONG-RSI-V01,22,001120,LX인터내셔널,2026-03-25,46600,,2026-04-01,51000,9.44,7,95.049571,0.033333
I,internal,I-STOCK-STRONG-RSI-V01,23,200710,에이디테크놀로지,2026-03-25,58800,,2026-04-01,51700,-12.07,7,94.814077,0.033333
I,internal,I-STOCK-STRONG-RSI-V01,24,004800,효성,2026-03-25,155000,,2026-04-01,138100,-10.9,7,94.580005,0.033333
I,internal,I-STOCK-STRONG-RSI-V01,25,033640,네패스,2026-03-25,20300,,2026-04-01,20100,-0.99,7,93.237866,0.033333
I,internal,I-STOCK-STRONG-RSI-V01,26,131970,두산테스나,2026-03-25,103400,,2026-04-01,102900,-0.48,7,91.0,0.033333
I,internal,I-STOCK-STRONG-RSI-V01,27,100790,미래에셋벤처투자,2026-03-25,27000,1434365118000,2026-04-01,28400,5.19,7,90.831073,0.033333
I,internal,I-STOCK-STRONG-RSI-V01,28,356860,티엘비,2026-03-25,78500,,2026-04-01,72100,-8.15,7,90.626148,0.033333
I,internal,I-STOCK-STRONG-RSI-V01,29,222800,심텍,2026-03-25,62600,2337622846800,2026-04-01,52900,-15.5,7,88.817301,0.033333
I,internal,I-STOCK-STRONG-RSI-V01,30,095340,ISC,2026-03-25,250000,5299264500000,2026-04-01,264000,5.6,7,87.253216,0.033333
I,internal,I-STOCK-STRONG-RSI-V01,1,259960,크래프톤,2026-04-01,262000,12420395842000,2026-04-08,234000,-10.69,7,119.0,0.066667
I,internal,I-STOCK-STRONG-RSI-V01,2,462870,시프트업,2026-04-01,33900,,2026-04-08,33400,-1.47,7,119.0,0.066667
I,internal,I-STOCK-STRONG-RSI-V01,3,199800,툴젠,2026-04-01,59600,,2026-04-08,55500,-6.88,7,114.0,0.066667
I,internal,I-STOCK-STRONG-RSI-V01,4,028050,삼성E&A,2026-04-01,37900,7428400000000,2026-04-08,50500,33.25,7,113.697188,0.066667
I,internal,I-STOCK-STRONG-RSI-V01,5,003230,삼양식품,2026-04-01,1316000,9913447740000,2026-04-08,1171000,-11.02,7,107.0,0.066667
I,internal,I-STOCK-STRONG-RSI-V01,6,086450,동국제약,2026-04-01,29000,1311682180000,2026-04-08,27750,-4.31,7,107.0,0.066667
I,internal,I-STOCK-STRONG-RSI-V01,7,001120,LX인터내셔널,2026-04-01,51000,,2026-04-08,46150,-9.51,7,106.341879,0.066667
I,internal,I-STOCK-STRONG-RSI-V01,8,267270,HD건설기계,2026-04-01,146200,7013816051600,2026-04-08,160900,10.05,7,102.501514,0.066667
I,internal,I-STOCK-STRONG-RSI-V01,9,011070,LG이노텍,2026-04-01,343000,8117817701000,2026-04-08,347000,1.17,7,98.533436,0.066667
I,internal,I-STOCK-STRONG-RSI-V01,10,094170,동운아나텍,2026-04-01,31300,,2026-04-08,28650,-8.47,7,94.410411,0.066667
I,internal,I-STOCK-STRONG-RSI-V01,11,033790,피노,2026-04-01,7840,,2026-04-08,10050,28.19,7,92.0,0.066667
I,internal,I-STOCK-STRONG-RSI-V01,12,450080,에코프로머티,2026-04-01,72600,,2026-04-08,76600,5.51,7,86.457519,0.066667
I,internal,I-STOCK-STRONG-RSI-V01,13,373220,LG에너지솔루션,2026-04-01,407000,95238000000000,2026-04-08,406000,-0.25,7,79.907198,0.066667
I,internal,I-STOCK-STRONG-RSI-V01,14,006400,삼성SDI,2026-04-01,432000,34812948960000,2026-04-08,471500,9.14,7,78.078577,0.066667
I,internal,I-STOCK-STRONG-RSI-V01,15,120110,코오롱인더,2026-04-01,83000,,2026-04-08,83300,0.36,7,65.707262,0.066667
I,internal,I-STOCK-STRONG-RSI-V01,1,011170,롯데케미칼,2026-04-08,91600,,2026-04-15,89600,-2.18,7,119.0,0.037037
I,internal,I-STOCK-STRONG-RSI-V01,2,000990,DB하이텍,2026-04-08,94400,4106833107200,2026-04-15,98600,4.45,7,113.31864,0.037037
I,internal,I-STOCK-STRONG-RSI-V01,3,005930,삼성전자,2026-04-08,210500,1246083782581000,2026-04-15,211000,0.24,7,109.131824,0.037037
I,internal,I-STOCK-STRONG-RSI-V01,4,008770,호텔신라,2026-04-08,47600,,2026-04-15,49850,4.73,7,108.706767,0.037037
I,internal,I-STOCK-STRONG-RSI-V01,5,006360,GS건설,2026-04-08,37400,,2026-04-15,41000,9.63,7,107.0,0.037037
I,internal,I-STOCK-STRONG-RSI-V01,6,006400,삼성SDI,2026-04-08,471500,37996077395000,2026-04-15,471000,-0.11,7,107.0,0.037037
I,internal,I-STOCK-STRONG-RSI-V01,7,017670,SK텔레콤,2026-04-08,89000,19116314717000,2026-04-15,98100,10.22,7,106.921773,0.037037
I,internal,I-STOCK-STRONG-RSI-V01,8,267270,HD건설기계,2026-04-08,160900,7719035586200,2026-04-15,159800,-0.68,7,106.15134,0.037037
I,internal,I-STOCK-STRONG-RSI-V01,9,278280,천보,2026-04-08,53800,,2026-04-15,61500,14.31,7,105.497272,0.037037
I,internal,I-STOCK-STRONG-RSI-V01,10,241560,두산밥캣,2026-04-08,66200,6345671503000,2026-04-15,68900,4.08,7,100.409778,0.037037
I,internal,I-STOCK-STRONG-RSI-V01,11,105560,KB금융,2026-04-08,156000,58164670980000,2026-04-15,158200,1.41,7,100.343646,0.037037
I,internal,I-STOCK-STRONG-RSI-V01,12,000720,현대건설,2026-04-08,188700,21012832855500,2026-04-15,179100,-5.09,7,98.124352,0.037037
I,internal,I-STOCK-STRONG-RSI-V01,13,028050,삼성E&A,2026-04-08,50500,9898000000000,2026-04-15,52400,3.76,7,96.0,0.037037
I,internal,I-STOCK-STRONG-RSI-V01,14,046890,서울반도체,2026-04-08,11020,,2026-04-15,10880,-1.27,7,95.774254,0.037037
I,internal,I-STOCK-STRONG-RSI-V01,15,016360,삼성증권,2026-04-08,104400,9322920000000,2026-04-15,111100,6.42,7,90.561396,0.037037
I,internal,I-STOCK-STRONG-RSI-V01,16,483650,달바글로벌,2026-04-08,166400,,2026-04-15,190000,14.18,7,90.434863,0.037037
I,internal,I-STOCK-STRONG-RSI-V01,17,375500,DL이앤씨,2026-04-08,95200,,2026-04-15,102500,7.67,7,84.552907,0.037037
I,internal,I-STOCK-STRONG-RSI-V01,18,033640,네패스,2026-04-08,22800,,2026-04-15,25500,11.84,7,82.492584,0.037037
I,internal,I-STOCK-STRONG-RSI-V01,19,000155,두산우,2026-04-08,555000,,2026-04-15,549000,-1.08,7,81.524534,0.037037
I,internal,I-STOCK-STRONG-RSI-V01,20,009520,포스코엠텍,2026-04-08,18440,,2026-04-15,18350,-0.49,7,81.132367,0.037037
I,internal,I-STOCK-STRONG-RSI-V01,21,058470,리노공업,2026-04-08,116800,,2026-04-15,112800,-3.42,7,76.049136,0.037037
I,internal,I-STOCK-STRONG-RSI-V01,22,039490,키움증권,2026-04-08,459500,12044271555000,2026-04-15,466000,1.41,7,75.520449,0.037037
I,internal,I-STOCK-STRONG-RSI-V01,23,009150,삼성전기,2026-04-08,514000,38392559744000,2026-04-15,614000,19.46,7,75.042161,0.037037
I,internal,I-STOCK-STRONG-RSI-V01,24,005935,삼성전자우,2026-04-08,139600,,2026-04-15,144600,3.58,7,74.76349,0.037037
I,internal,I-STOCK-STRONG-RSI-V01,25,066970,엘앤에프,2026-04-08,184100,7423848148500,2026-04-15,170600,-7.33,7,73.958264,0.037037
I,internal,I-STOCK-STRONG-RSI-V01,26,365340,성일하이텍,2026-04-08,66000,,2026-04-15,68500,3.79,7,72.403486,0.037037
I,internal,I-STOCK-STRONG-RSI-V01,27,020150,롯데에너지머티리얼즈,2026-04-08,45100,,2026-04-15,46200,2.44,7,71.326094,0.037037
I,internal,I-STOCK-STRONG-RSI-V01,1,028300,HLB,2026-04-15,68200,9079636772800,2026-04-22,60600,-11.14,7,125.0,0.033333
I,internal,I-STOCK-STRONG-RSI-V01,2,062040,산일전기,2026-04-15,194300,5948659655000,2026-04-22,208500,7.31,7,123.0,0.033333
I,internal,I-STOCK-STRONG-RSI-V01,3,005290,동진쎄미켐,2026-04-15,56500,2904918911000,2026-04-22,60400,6.9,7,119.0,0.033333
I,internal,I-STOCK-STRONG-RSI-V01,4,059090,미코,2026-04-15,16800,,2026-04-22,21100,25.6,7,119.0,0.033333
I,internal,I-STOCK-STRONG-RSI-V01,5,104830,원익머트리얼즈,2026-04-15,47000,,2026-04-22,51300,9.15,7,119.0,0.033333
I,internal,I-STOCK-STRONG-RSI-V01,6,053610,프로텍,2026-04-15,64100,,2026-04-22,74400,16.07,7,116.746077,0.033333
I,internal,I-STOCK-STRONG-RSI-V01,7,017800,현대엘리베이터,2026-04-15,99600,,2026-04-22,98000,-1.61,7,116.216495,0.033333
I,internal,I-STOCK-STRONG-RSI-V01,8,053800,안랩,2026-04-15,64700,,2026-04-22,65100,0.62,7,116.042789,0.033333
I,internal,I-STOCK-STRONG-RSI-V01,9,021240,코웨이,2026-04-15,82100,,2026-04-22,80800,-1.58,7,115.986816,0.033333
I,internal,I-STOCK-STRONG-RSI-V01,10,018260,삼성에스디에스,2026-04-15,178600,13819675080000,2026-04-22,180100,0.84,7,115.96793,0.033333
I,internal,I-STOCK-STRONG-RSI-V01,11,199800,툴젠,2026-04-15,81500,,2026-04-22,93600,14.85,7,115.0,0.033333
I,internal,I-STOCK-STRONG-RSI-V01,12,034730,SK,2026-04-15,369500,26789748758500,2026-04-22,381500,3.25,7,114.337969,0.033333
I,internal,I-STOCK-STRONG-RSI-V01,13,490470,세미파이브,2026-04-15,36750,,2026-04-22,35450,-3.54,7,114.0,0.033333
I,internal,I-STOCK-STRONG-RSI-V01,14,034220,LG디스플레이,2026-04-15,13600,6800000000000,2026-04-22,15480,13.82,7,112.836506,0.033333
I,internal,I-STOCK-STRONG-RSI-V01,15,089890,코세스,2026-04-15,27750,,2026-04-22,37900,36.58,7,112.0,0.033333
I,internal,I-STOCK-STRONG-RSI-V01,16,336260,두산퓨얼셀,2026-04-15,43900,,2026-04-22,48250,9.91,7,112.0,0.033333
I,internal,I-STOCK-STRONG-RSI-V01,17,071970,HD현대마린엔진,2026-04-15,85200,,2026-04-22,97200,14.08,7,111.679164,0.033333
I,internal,I-STOCK-STRONG-RSI-V01,18,457190,이수스페셜티케미컬,2026-04-15,104900,,2026-04-22,130100,24.02,7,110.517759,0.033333
I,internal,I-STOCK-STRONG-RSI-V01,19,078160,메디포스트,2026-04-15,25150,,2026-04-22,25500,1.39,7,110.0,0.033333
I,internal,I-STOCK-STRONG-RSI-V01,20,257720,실리콘투,2026-04-15,46800,2862845294400,2026-04-22,48600,3.85,7,109.293085,0.033333
I,internal,I-STOCK-STRONG-RSI-V01,21,033780,KT&G,2026-04-15,170400,19540900308000,2026-04-22,171000,0.35,7,109.0,0.033333
I,internal,I-STOCK-STRONG-RSI-V01,22,000500,가온전선,2026-04-15,128000,,2026-04-22,180000,40.62,7,107.0,0.033333
I,internal,I-STOCK-STRONG-RSI-V01,23,001440,대한전선,2026-04-15,41250,7690951125000,2026-04-22,41050,-0.48,7,107.0,0.033333
I,internal,I-STOCK-STRONG-RSI-V01,24,006260,LS,2026-04-15,343500,10717200000000,2026-04-22,355000,3.35,7,107.0,0.033333
I,internal,I-STOCK-STRONG-RSI-V01,25,009150,삼성전기,2026-04-15,614000,45861929344000,2026-04-22,812000,32.25,7,107.0,0.033333
I,internal,I-STOCK-STRONG-RSI-V01,26,083450,GST,2026-04-15,39650,,2026-04-22,44750,12.86,7,107.0,0.033333
I,internal,I-STOCK-STRONG-RSI-V01,27,095610,테스,2026-04-15,90100,1744336000000,2026-04-22,93300,3.55,7,107.0,0.033333
I,internal,I-STOCK-STRONG-RSI-V01,28,100790,미래에셋벤처투자,2026-04-15,39550,2101079274700,2026-04-22,57700,45.89,7,107.0,0.033333
I,internal,I-STOCK-STRONG-RSI-V01,29,121600,나노신소재,2026-04-15,75800,,2026-04-22,85100,12.27,7,107.0,0.033333
I,internal,I-STOCK-STRONG-RSI-V01,30,127120,제이에스링크,2026-04-15,48900,1686968190300,2026-04-22,42350,-13.39,7,107.0,0.033333
I,internal,I-STOCK-STRONG-RSI-V01,1,082740,한화엔진,2026-04-22,67500,5632682085000,2026-04-29,87700,29.93,7,125.0,0.033333
I,internal,I-STOCK-STRONG-RSI-V01,2,222080,씨아이에스,2026-04-22,16930,1316817837920,2026-04-29,18650,10.16,7,125.0,0.033333
I,internal,I-STOCK-STRONG-RSI-V01,3,329180,HD현대중공업,2026-04-22,641000,67280145225000,2026-04-29,690000,7.64,7,125.0,0.033333
I,internal,I-STOCK-STRONG-RSI-V01,4,281740,레이크머티리얼즈,2026-04-22,25450,1672842446600,2026-04-29,24600,-3.34,7,123.0,0.033333
I,internal,I-STOCK-STRONG-RSI-V01,5,361610,SK아이이테크놀로지,2026-04-22,28150,2302306865000,2026-04-29,27300,-3.02,7,121.0,0.033333
I,internal,I-STOCK-STRONG-RSI-V01,6,033500,동성화인텍,2026-04-22,28850,865196901900,2026-04-29,29250,1.39,7,119.0,0.033333
I,internal,I-STOCK-STRONG-RSI-V01,7,064350,현대로템,2026-04-22,237500,25921294587500,2026-04-29,264000,11.16,7,119.0,0.033333
I,internal,I-STOCK-STRONG-RSI-V01,8,161580,필옵틱스,2026-04-22,50700,1188521922900,2026-04-29,49350,-2.66,7,119.0,0.033333
I,internal,I-STOCK-STRONG-RSI-V01,9,323280,태성,2026-04-22,74200,2265918116000,2026-04-29,85700,15.5,7,119.0,0.033333
I,internal,I-STOCK-STRONG-RSI-V01,10,140860,파크시스템스,2026-04-22,284500,1990804966500,2026-04-29,287000,0.88,7,118.053359,0.033333
I,internal,I-STOCK-STRONG-RSI-V01,11,357780,솔브레인,2026-04-22,464000,3609254624000,2026-04-29,479000,3.23,7,117.710973,0.033333
I,internal,I-STOCK-STRONG-RSI-V01,12,214430,아이쓰리시스템,2026-04-22,112400,821330966000,2026-04-29,110800,-1.42,7,116.945096,0.033333
I,internal,I-STOCK-STRONG-RSI-V01,13,003670,포스코퓨처엠,2026-04-22,257500,22903651650000,2026-04-29,261000,1.36,7,115.0,0.033333
I,internal,I-STOCK-STRONG-RSI-V01,14,022100,포스코DX,2026-04-22,35650,5420038088850,2026-04-29,36350,1.96,7,114.435321,0.033333
I,internal,I-STOCK-STRONG-RSI-V01,15,012330,현대모비스,2026-04-22,456500,41419424139500,2026-04-29,439000,-3.83,7,114.328904,0.033333
I,internal,I-STOCK-STRONG-RSI-V01,16,005490,POSCO홀딩스,2026-04-22,418500,33162579049500,2026-04-29,469000,12.07,7,114.0,0.033333
I,internal,I-STOCK-STRONG-RSI-V01,17,028670,팬오션,2026-04-22,5730,3063083303760,2026-04-29,5550,-3.14,7,113.442159,0.033333
I,internal,I-STOCK-STRONG-RSI-V01,18,086520,에코프로,2026-04-22,164300,22308021773600,2026-04-29,159900,-2.68,7,112.489249,0.033333
I,internal,I-STOCK-STRONG-RSI-V01,19,098460,고영,2026-04-22,33100,2272472390500,2026-04-29,41950,26.74,7,112.0,0.033333
I,internal,I-STOCK-STRONG-RSI-V01,20,171090,선익시스템,2026-04-22,114000,1151699364000,2026-04-29,105400,-7.54,7,112.0,0.033333
I,internal,I-STOCK-STRONG-RSI-V01,21,460930,현대힘스,2026-04-22,21000,745724091000,2026-04-29,20750,-1.19,7,112.0,0.033333
I,internal,I-STOCK-STRONG-RSI-V01,22,064400,LG씨엔에스,2026-04-22,68200,6607621653600,2026-04-29,66700,-2.2,7,111.923322,0.033333
I,internal,I-STOCK-STRONG-RSI-V01,23,009540,HD한국조선해양,2026-04-22,463000,32767952708000,2026-04-29,472000,1.94,7,111.0,0.033333
I,internal,I-STOCK-STRONG-RSI-V01,24,077970,STX엔진,2026-04-22,50500,2027477181500,2026-04-29,66500,31.68,7,110.0,0.033333
I,internal,I-STOCK-STRONG-RSI-V01,25,036540,SFA반도체,2026-04-22,7860,1292657981580,2026-04-29,8620,9.67,7,109.0,0.033333
I,internal,I-STOCK-STRONG-RSI-V01,26,066570,LG전자,2026-04-22,132800,21631312193600,2026-04-29,135800,2.26,7,109.0,0.033333
I,internal,I-STOCK-STRONG-RSI-V01,27,102710,이엔에프테크놀로지,2026-04-22,57900,827265704400,2026-04-29,60300,4.15,7,109.0,0.033333
I,internal,I-STOCK-STRONG-RSI-V01,28,080220,제주반도체,2026-04-22,46950,1617091009350,2026-04-29,53600,14.16,7,108.933353,0.033333
I,internal,I-STOCK-STRONG-RSI-V01,29,051910,LG화학,2026-04-22,392000,27672198456000,2026-04-29,407500,3.95,7,107.926057,0.033333
I,internal,I-STOCK-STRONG-RSI-V01,30,056190,에스에프에이,2026-04-22,31550,1132921378000,2026-04-29,31950,1.27,7,107.152,0.033333
I,internal,I-STOCK-STRONG-RSI-V01,1,033100,제룡전기,2026-04-29,66100,1061725234900,2026-05-06,88200,33.43,7,125.0,0.033333
I,internal,I-STOCK-STRONG-RSI-V01,2,018670,SK가스,2026-04-29,284500,2633685918000,2026-05-06,262000,-7.91,7,121.0,0.033333
I,internal,I-STOCK-STRONG-RSI-V01,3,454910,두산로보틱스,2026-04-29,102200,6624601956000,2026-05-06,104700,2.45,7,121.0,0.033333
I,internal,I-STOCK-STRONG-RSI-V01,4,267250,HD현대,2026-04-29,301000,23776918585000,2026-05-06,285500,-5.15,7,119.0,0.033333
I,internal,I-STOCK-STRONG-RSI-V01,5,307950,현대오토에버,2026-04-29,474000,12998967468000,2026-05-06,441000,-6.96,7,119.0,0.033333
I,internal,I-STOCK-STRONG-RSI-V01,6,126340,비나텍,2026-04-29,183400,1310123035200,2026-05-06,193600,5.56,7,115.0,0.033333
I,internal,I-STOCK-STRONG-RSI-V01,7,222080,씨아이에스,2026-04-29,18650,1450599685600,2026-05-06,16890,-9.44,7,115.0,0.033333
I,internal,I-STOCK-STRONG-RSI-V01,8,417200,LS머트리얼즈,2026-04-29,31250,2114145593750,2026-05-06,30200,-3.36,7,115.0,0.033333
I,internal,I-STOCK-STRONG-RSI-V01,9,046890,서울반도체,2026-04-29,14320,834933328000,2026-05-06,16700,16.62,7,114.0,0.033333
I,internal,I-STOCK-STRONG-RSI-V01,10,069960,현대백화점,2026-04-29,111900,2532164174700,2026-05-06,107700,-3.75,7,114.0,0.033333
I,internal,I-STOCK-STRONG-RSI-V01,11,323280,태성,2026-04-29,85700,2617104886000,2026-05-06,78100,-8.87,7,114.0,0.033333
I,internal,I-STOCK-STRONG-RSI-V01,12,006730,서부T&D,2026-04-29,15850,1029091729550,2026-05-06,14370,-9.34,7,113.877026,0.033333
I,internal,I-STOCK-STRONG-RSI-V01,13,030530,원익홀딩스,2026-04-29,34500,2664710344500,2026-05-06,33500,-2.9,7,112.0,0.033333
I,internal,I-STOCK-STRONG-RSI-V01,14,237690,에스티팜,2026-04-29,163400,3405897671800,2026-05-06,150000,-8.2,7,112.0,0.033333
I,internal,I-STOCK-STRONG-RSI-V01,15,357780,솔브레인,2026-04-29,479000,3725933114000,2026-05-06,466000,-2.71,7,111.517768,0.033333
I,internal,I-STOCK-STRONG-RSI-V01,16,022100,포스코DX,2026-04-29,36350,5526462399150,2026-05-06,34550,-4.95,7,111.434939,0.033333
I,internal,I-STOCK-STRONG-RSI-V01,17,004020,현대제철,2026-04-29,45750,6105144663750,2026-05-06,41900,-8.42,7,111.0,0.033333
I,internal,I-STOCK-STRONG-RSI-V01,18,064350,현대로템,2026-04-29,264000,28813565352000,2026-05-06,262000,-0.76,7,111.0,0.033333
I,internal,I-STOCK-STRONG-RSI-V01,19,204320,HL만도,2026-04-29,57900,2718817248000,2026-05-06,57000,-1.55,7,110.237819,0.033333
I,internal,I-STOCK-STRONG-RSI-V01,20,005850,에스엘,2026-04-29,66500,3088826580000,2026-05-06,62800,-5.56,7,109.243243,0.033333
I,internal,I-STOCK-STRONG-RSI-V01,21,090360,로보스타,2026-04-29,70500,687375000000,2026-05-06,69700,-1.13,7,107.116679,0.033333
I,internal,I-STOCK-STRONG-RSI-V01,22,001440,대한전선,2026-04-29,51200,9546101760000,2026-05-06,69200,35.16,7,107.0,0.033333
I,internal,I-STOCK-STRONG-RSI-V01,23,004800,효성,2026-04-29,224500,3758221371500,2026-05-06,258500,15.14,7,107.0,0.033333
I,internal,I-STOCK-STRONG-RSI-V01,24,005490,POSCO홀딩스,2026-04-29,469000,37164276163000,2026-05-06,506000,7.89,7,107.0,0.033333
I,internal,I-STOCK-STRONG-RSI-V01,25,005935,삼성전자우,2026-04-29,163500,131187691690500,2026-05-06,189300,15.78,7,107.0,0.033333
I,internal,I-STOCK-STRONG-RSI-V01,26,006400,삼성SDI,2026-04-29,712000,57376897360000,2026-05-06,698000,-1.97,7,107.0,0.033333
I,internal,I-STOCK-STRONG-RSI-V01,27,008770,호텔신라,2026-04-29,67700,2657097791700,2026-05-06,63900,-5.61,7,107.0,0.033333
I,internal,I-STOCK-STRONG-RSI-V01,28,011070,LG이노텍,2026-04-29,592000,14010927344000,2026-05-06,632000,6.76,7,107.0,0.033333
I,internal,I-STOCK-STRONG-RSI-V01,29,011170,롯데케미칼,2026-04-29,118000,5047499442000,2026-05-06,100800,-14.58,7,107.0,0.033333
I,internal,I-STOCK-STRONG-RSI-V01,30,033790,피노,2026-04-29,14400,1185577747200,2026-05-06,17190,19.38,7,107.0,0.033333
I,internal,I-STOCK-STRONG-RSI-V01,1,018880,한온시스템,2026-05-06,5410,5552080406320,2026-05-13,5040,-6.84,7,125.0,0.033333
I,internal,I-STOCK-STRONG-RSI-V01,2,475960,토모큐브,2026-05-06,62400,835116297600,2026-05-13,51500,-17.47,7,124.040354,0.033333
I,internal,I-STOCK-STRONG-RSI-V01,3,006800,미래에셋증권,2026-05-06,83800,46891704544000,2026-05-13,72900,-13.01,7,114.39197,0.033333
I,internal,I-STOCK-STRONG-RSI-V01,4,383220,F&F,2026-05-06,78500,3007105387500,2026-05-13,82100,4.59,7,114.0,0.033333
I,internal,I-STOCK-STRONG-RSI-V01,5,214450,파마리서치,2026-05-06,336000,3490921728000,2026-05-13,314000,-6.55,7,110.903144,0.033333
I,internal,I-STOCK-STRONG-RSI-V01,6,000150,두산,2026-05-06,1790000,28986964650000,2026-05-13,1682000,-6.03,7,107.0,0.033333
I,internal,I-STOCK-STRONG-RSI-V01,7,000155,두산우,2026-05-06,713000,2849477406000,2026-05-13,684000,-4.07,7,107.0,0.033333
I,internal,I-STOCK-STRONG-RSI-V01,8,000500,가온전선,2026-05-06,367000,6071323205000,2026-05-13,505000,37.6,7,107.0,0.033333
I,internal,I-STOCK-STRONG-RSI-V01,9,000660,SK하이닉스,2026-05-06,1601000,1141036486365000,2026-05-13,1976000,23.42,7,107.0,0.033333
I,internal,I-STOCK-STRONG-RSI-V01,10,001440,대한전선,2026-05-06,69200,12902153160000,2026-05-13,65400,-5.49,7,107.0,0.033333
I,internal,I-STOCK-STRONG-RSI-V01,11,003670,포스코퓨처엠,2026-05-06,288500,25660984470000,2026-05-13,251500,-12.82,7,107.0,0.033333
I,internal,I-STOCK-STRONG-RSI-V01,12,004800,효성,2026-05-06,258500,4327395209500,2026-05-13,249500,-3.48,7,107.0,0.033333
I,internal,I-STOCK-STRONG-RSI-V01,13,005930,삼성전자,2026-05-06,266000,1555110109728000,2026-05-13,284000,6.77,7,107.0,0.033333
I,internal,I-STOCK-STRONG-RSI-V01,14,005935,삼성전자우,2026-05-06,189300,151888868727900,2026-05-13,189100,-0.11,7,107.0,0.033333
I,internal,I-STOCK-STRONG-RSI-V01,15,006260,LS,2026-05-06,531000,16567200000000,2026-05-13,517000,-2.64,7,107.0,0.033333
I,internal,I-STOCK-STRONG-RSI-V01,16,016360,삼성증권,2026-05-06,149500,13350350000000,2026-05-13,127900,-14.45,7,107.0,0.033333
I,internal,I-STOCK-STRONG-RSI-V01,17,028260,삼성물산,2026-05-06,375500,60894452365500,2026-05-13,428500,14.11,7,107.0,0.033333
I,internal,I-STOCK-STRONG-RSI-V01,18,033640,네패스,2026-05-06,34800,802460229600,2026-05-13,31600,-9.2,7,107.0,0.033333
I,internal,I-STOCK-STRONG-RSI-V01,19,033790,피노,2026-05-06,17190,1415283435720,2026-05-13,15340,-10.76,7,107.0,0.033333
I,internal,I-STOCK-STRONG-RSI-V01,20,034730,SK,2026-05-06,520000,37701405560000,2026-05-13,550000,5.77,7,107.0,0.033333
I,internal,I-STOCK-STRONG-RSI-V01,21,042700,한미반도체,2026-05-06,394500,37600662900000,2026-05-13,400500,1.52,7,107.0,0.033333
I,internal,I-STOCK-STRONG-RSI-V01,22,060370,LS마린솔루션,2026-05-06,50100,2617166585400,2026-05-13,39050,-22.06,7,107.0,0.033333
I,internal,I-STOCK-STRONG-RSI-V01,23,066570,LG전자,2026-05-06,154900,25231101346300,2026-05-13,191400,23.56,7,107.0,0.033333
I,internal,I-STOCK-STRONG-RSI-V01,24,089010,켐트로닉스,2026-05-06,45700,766390233900,2026-05-13,40450,-11.49,7,107.0,0.033333
I,internal,I-STOCK-STRONG-RSI-V01,25,126340,비나텍,2026-05-06,193600,1382987020800,2026-05-13,166200,-14.15,7,107.0,0.033333
I,internal,I-STOCK-STRONG-RSI-V01,26,161580,필옵틱스,2026-05-06,63000,1476861561000,2026-05-13,53600,-14.92,7,107.0,0.033333
I,internal,I-STOCK-STRONG-RSI-V01,27,298040,효성중공업,2026-05-06,4597000,42864947156000,2026-05-13,4197000,-8.7,7,107.0,0.033333
I,internal,I-STOCK-STRONG-RSI-V01,28,336260,두산퓨얼셀,2026-05-06,78300,5128158745800,2026-05-13,93600,19.54,7,107.0,0.033333
I,internal,I-STOCK-STRONG-RSI-V01,29,402340,SK스퀘어,2026-05-06,1089000,143702682354000,2026-05-13,1190000,9.27,7,107.0,0.033333
I,internal,I-STOCK-STRONG-RSI-V01,30,267260,HD현대일렉트릭,2026-05-06,1389000,50069470515000,2026-05-13,1280000,-7.85,7,106.926915,0.033333
I,internal,I-STOCK-STRONG-RSI-V01,1,014680,한솔케미칼,2026-05-13,336000,3820385520000,2026-05-15,326000,-2.98,2,125.0,0.033333
I,internal,I-STOCK-STRONG-RSI-V01,2,000270,기아,2026-05-13,179500,70079133141000,2026-05-15,168000,-6.41,2,117.909346,0.033333
I,internal,I-STOCK-STRONG-RSI-V01,3,005380,현대차,2026-05-13,710000,145378013860000,2026-05-15,700000,-1.41,2,115.0,0.033333
I,internal,I-STOCK-STRONG-RSI-V01,4,012330,현대모비스,2026-05-13,649000,58885446367000,2026-05-15,629000,-3.08,2,115.0,0.033333
I,internal,I-STOCK-STRONG-RSI-V01,5,307950,현대오토에버,2026-05-13,699000,19169363418000,2026-05-15,648000,-7.3,2,115.0,0.033333
I,internal,I-STOCK-STRONG-RSI-V01,6,086280,현대글로비스,2026-05-13,284000,21300000000000,2026-05-15,242000,-14.79,2,114.0,0.033333
I,internal,I-STOCK-STRONG-RSI-V01,7,096530,씨젠,2026-05-13,27900,1457105232600,2026-05-15,31050,11.29,2,114.0,0.033333
I,internal,I-STOCK-STRONG-RSI-V01,8,277810,레인보우로보틱스,2026-05-13,878000,17033075324000,2026-05-15,810000,-7.74,2,114.0,0.033333
I,internal,I-STOCK-STRONG-RSI-V01,9,348340,뉴로메카,2026-05-13,76200,941995906200,2026-05-15,67400,-11.55,2,112.0,0.033333
I,internal,I-STOCK-STRONG-RSI-V01,10,011210,현대위아,2026-05-13,97500,2651520592500,2026-05-15,92300,-5.33,2,111.200642,0.033333
I,internal,I-STOCK-STRONG-RSI-V01,11,004170,신세계,2026-05-13,482500,4557299832500,2026-05-15,541000,12.12,2,107.0,0.033333
I,internal,I-STOCK-STRONG-RSI-V01,12,023530,롯데쇼핑,2026-05-13,160100,4529029675500,2026-05-15,169800,6.06,2,107.0,0.033333
I,internal,I-STOCK-STRONG-RSI-V01,13,095610,테스,2026-05-13,122500,2371600000000,2026-05-15,118100,-3.59,2,107.0,0.033333
I,internal,I-STOCK-STRONG-RSI-V01,14,420770,기가비스,2026-05-13,127100,1611088841800,2026-05-15,119800,-5.74,2,107.0,0.033333
I,internal,I-STOCK-STRONG-RSI-V01,15,005387,현대차2우B,2026-05-13,282500,9877310225000,2026-05-15,279500,-1.06,2,106.855615,0.033333
I,internal,I-STOCK-STRONG-RSI-V01,16,005385,현대차우,2026-05-13,280500,6547139280000,2026-05-15,280000,-0.18,2,106.597795,0.033333
I,internal,I-STOCK-STRONG-RSI-V01,17,183300,코미코,2026-05-13,187000,1956147908000,2026-05-15,156100,-16.52,2,105.124367,0.033333
I,internal,I-STOCK-STRONG-RSI-V01,18,031330,에스에이엠티,2026-05-13,9450,944953383150,2026-05-15,14300,51.32,2,104.799443,0.033333
I,internal,I-STOCK-STRONG-RSI-V01,19,000660,SK하이닉스,2026-05-13,1976000,1408299873240000,2026-05-15,1819000,-7.95,2,103.9974,0.033333
I,internal,I-STOCK-STRONG-RSI-V01,20,356860,티엘비,2026-05-13,107300,1055041199000,2026-05-15,100700,-6.15,2,102.735976,0.033333
I,internal,I-STOCK-STRONG-RSI-V01,21,353200,대덕전자,2026-05-13,142900,7061678582500,2026-05-15,135800,-4.97,2,98.201968,0.033333
I,internal,I-STOCK-STRONG-RSI-V01,22,021240,코웨이,2026-05-13,94600,6694598499600,2026-05-15,94700,0.11,2,96.0,0.033333
I,internal,I-STOCK-STRONG-RSI-V01,23,066570,LG전자,2026-05-13,191400,31176454471800,2026-05-15,240500,25.65,2,96.0,0.033333
I,internal,I-STOCK-STRONG-RSI-V01,24,204320,HL만도,2026-05-13,63300,2972385696000,2026-05-15,61700,-2.53,2,96.0,0.033333
I,internal,I-STOCK-STRONG-RSI-V01,25,319400,현대무벡스,2026-05-13,43650,4861564102350,2026-05-15,41100,-5.84,2,96.0,0.033333
I,internal,I-STOCK-STRONG-RSI-V01,26,189300,인텔리안테크,2026-05-13,170600,1831816988200,2026-05-15,162000,-5.04,2,90.58836,0.033333
I,internal,I-STOCK-STRONG-RSI-V01,27,032830,삼성생명,2026-05-13,306000,61200000000000,2026-05-15,310000,1.31,2,90.525112,0.033333
I,internal,I-STOCK-STRONG-RSI-V01,28,034730,SK,2026-05-13,550000,39876486650000,2026-05-15,503000,-8.55,2,89.387233,0.033333
I,internal,I-STOCK-STRONG-RSI-V01,29,005930,삼성전자,2026-05-13,284000,1660343124672000,2026-05-15,270500,-4.75,2,89.36389,0.033333
I,internal,I-STOCK-STRONG-RSI-V01,30,028260,삼성물산,2026-05-13,428500,69489408358500,2026-05-15,396500,-7.47,2,85.261405,0.033333
S,internal,S2,14,079550,LIG디펜스앤에어로스페이스,2026-03-04,619000,13618000000000,2026-03-11,742000,19.87,7,25.4,0.033333
S,internal,S2,26,084370,유진테크,2026-03-04,117900,2701801351800,2026-03-11,124200,5.34,7,35.7,0.033333
S,internal,S2,28,307950,현대오토에버,2026-03-04,371500,10188009313000,2026-03-11,414000,11.44,7,39.8,0.033333
S,internal,S2,30,010130,고려아연,2026-03-04,1632000,34064685408000,2026-03-11,1666000,2.08,7,42.1,0.033333
S,internal,S2,42,006800,미래에셋증권,2026-03-04,56500,32040343971000,2026-03-11,71400,26.37,7,51.2,0.033333
S,internal,S2,45,267250,HD현대,2026-03-04,261500,20656691727500,2026-03-11,278000,6.31,7,53.4,0.033333
S,internal,S2,52,000660,SK하이닉스,2026-03-04,849000,605084307885000,2026-03-11,955000,12.49,7,60.6,0.033333
S,internal,S2,55,086280,현대글로비스,2026-03-04,232000,17400000000000,2026-03-11,236500,1.94,7,63.5,0.033333
S,internal,S2,59,010120,LS ELECTRIC,2026-03-04,626000,18780000000000,2026-03-11,722000,15.34,7,68.2,0.033333
S,internal,S2,66,000270,기아,2026-03-04,156700,61177716786600,2026-03-11,162000,3.38,7,73.8,0.033333
S,internal,S2,73,131290,티에스이,2026-03-04,83900,928053893100,2026-03-11,100500,19.79,7,79.8,0.033333
S,internal,S2,76,005380,현대차,2026-03-04,501000,102583640766000,2026-03-11,530000,5.79,7,84.8,0.033333
S,internal,S2,87,071050,한국금융지주,2026-03-04,206500,11507417348000,2026-03-11,229500,11.14,7,91.5,0.033333
S,internal,S2,88,000720,현대건설,2026-03-04,126900,14131046578500,2026-03-11,148800,17.26,7,93.5,0.033333
S,internal,S2,89,000880,한화,2026-03-04,113300,8492824675500,2026-03-11,129600,14.39,7,94.1,0.033333
S,internal,S2,94,066570,LG전자,2026-03-04,109000,17754616183000,2026-03-11,117900,8.17,7,99.8,0.033333
S,internal,S2,99,017670,SK텔레콤,2026-03-04,70300,15099740725900,2026-03-11,77900,10.81,7,105.1,0.033333
S,internal,S2,106,012330,현대모비스,2026-03-04,399000,36202300617000,2026-03-11,423000,6.02,7,109.9,0.033333
S,internal,S2,107,039490,키움증권,2026-03-04,372500,10099274757500,2026-03-11,450000,20.81,7,110.3,0.033333
S,internal,S2,118,402340,SK스퀘어,2026-03-04,507000,66968167305000,2026-03-11,565000,11.44,7,114.1,0.033333
S,internal,S2,131,010950,S-Oil,2026-03-04,126500,14241723188000,2026-03-11,114600,-9.41,7,124.1,0.033333
S,internal,S2,142,000990,DB하이텍,2026-03-04,77300,3362904652400,2026-03-11,85000,9.96,7,134.9,0.033333
S,internal,S2,143,047810,한국항공우주,2026-03-04,158500,15449804459500,2026-03-11,175400,10.66,7,134.9,0.033333
S,internal,S2,155,267270,HD건설기계,2026-03-04,118300,5675338159400,2026-03-11,128600,8.71,7,148.0,0.033333
S,internal,S2,157,034730,SK,2026-03-04,330000,23925891990000,2026-03-11,359500,8.94,7,148.5,0.033333
S,internal,S2,158,032830,삼성생명,2026-03-04,197500,39500000000000,2026-03-11,226500,14.68,7,148.9,0.033333
S,internal,S2,159,047040,대우건설,2026-03-04,7550,3137950916900,2026-03-11,9950,31.79,7,150.3,0.033333
S,internal,S2,170,420770,기가비스,2026-03-04,64700,820121542600,2026-03-11,77400,19.63,7,171.4,0.033333
S,internal,S2,177,005940,NH투자증권,2026-03-04,28800,10262717827200,2026-03-11,33300,15.62,7,206.8,0.033333
S,internal,S2,178,316140,우리금융지주,2026-03-04,31800,23343626976000,2026-03-11,33350,4.87,7,208.0,0.033333
S,internal,S2,14,079550,LIG디펜스앤에어로스페이스,2026-03-11,742000,16324000000000,2026-03-18,689000,-7.14,7,25.4,0.033333
S,internal,S2,26,084370,유진테크,2026-03-11,124200,2846172416400,2026-03-18,129300,4.11,7,35.7,0.033333
S,internal,S2,28,307950,현대오토에버,2026-03-11,414000,11353528548000,2026-03-18,434000,4.83,7,39.8,0.033333
S,internal,S2,29,001440,대한전선,2026-03-11,30350,5658675555000,2026-03-18,30800,1.48,7,40.7,0.033333
S,internal,S2,35,298040,효성중공업,2026-03-11,2533000,23619080084000,2026-03-18,2731000,7.82,7,46.0,0.033333
S,internal,S2,42,006800,미래에셋증권,2026-03-11,71400,40489921407600,2026-03-18,69900,-2.1,7,51.2,0.033333
S,internal,S2,45,267250,HD현대,2026-03-11,278000,21960077630000,2026-03-18,275500,-0.9,7,53.4,0.033333
S,internal,S2,52,000660,SK하이닉스,2026-03-11,955000,680630758575000,2026-03-18,1056000,10.58,7,60.6,0.033333
S,internal,S2,55,086280,현대글로비스,2026-03-11,236500,17737500000000,2026-03-18,236500,0.0,7,63.5,0.033333
S,internal,S2,59,010120,LS ELECTRIC,2026-03-11,722000,21660000000000,2026-03-18,833000,15.37,7,68.2,0.033333
S,internal,S2,66,000270,기아,2026-03-11,162000,63246905676000,2026-03-18,175100,8.09,7,73.8,0.033333
S,internal,S2,73,131290,티에스이,2026-03-11,100500,1111673614500,2026-03-18,119900,19.3,7,79.8,0.033333
S,internal,S2,76,005380,현대차,2026-03-11,530000,108521615980000,2026-03-18,545000,2.83,7,84.8,0.033333
S,internal,S2,87,071050,한국금융지주,2026-03-11,229500,12789115164000,2026-03-18,241000,5.01,7,91.5,0.033333
S,internal,S2,88,000720,현대건설,2026-03-11,148800,16569737832000,2026-03-18,170100,14.31,7,93.5,0.033333
S,internal,S2,89,000880,한화,2026-03-11,129600,9714652056000,2026-03-18,125600,-3.09,7,94.1,0.033333
S,internal,S2,94,066570,LG전자,2026-03-11,117900,19204305027300,2026-03-18,120000,1.78,7,99.8,0.033333
S,internal,S2,99,017670,SK텔레콤,2026-03-11,77900,16732145128700,2026-03-18,81200,4.24,7,105.1,0.033333
S,internal,S2,106,012330,현대모비스,2026-03-11,423000,38379882609000,2026-03-18,430000,1.65,7,109.9,0.033333
S,internal,S2,107,039490,키움증권,2026-03-11,450000,12200466150000,2026-03-18,469000,4.22,7,110.3,0.033333
S,internal,S2,118,402340,SK스퀘어,2026-03-11,565000,74629219975000,2026-03-18,630000,11.5,7,114.1,0.033333
S,internal,S2,131,010950,S-Oil,2026-03-11,114600,12901987963200,2026-03-18,110600,-3.49,7,124.1,0.033333
S,internal,S2,143,047810,한국항공우주,2026-03-11,175400,17097133767800,2026-03-18,194300,10.78,7,134.9,0.033333
S,internal,S2,153,052400,코나아이,2026-03-11,68500,,2026-03-18,60100,-12.26,7,145.7,0.033333
S,internal,S2,155,267270,HD건설기계,2026-03-11,128600,6169471574800,2026-03-18,127600,-0.78,7,148.0,0.033333
S,internal,S2,157,034730,SK,2026-03-11,359500,26064721728500,2026-03-18,352500,-1.95,7,148.5,0.033333
S,internal,S2,158,032830,삼성생명,2026-03-11,226500,45300000000000,2026-03-18,235000,3.75,7,148.9,0.033333
S,internal,S2,159,047040,대우건설,2026-03-11,9950,4135445248100,2026-03-18,14870,49.45,7,150.3,0.033333
S,internal,S2,168,006400,삼성SDI,2026-03-11,400000,32234212000000,2026-03-18,405000,1.25,7,166.5,0.033333
S,internal,S2,170,420770,기가비스,2026-03-11,77400,981103669200,2026-03-18,77300,-0.13,7,171.4,0.033333
S,internal,S2,14,079550,LIG디펜스앤에어로스페이스,2026-03-18,689000,15158000000000,2026-03-25,734000,6.53,7,25.4,0.033333
S,internal,S2,22,278470,에이피알,2026-03-18,362000,13552612110000,2026-03-25,328500,-9.25,7,31.2,0.033333
S,internal,S2,26,084370,유진테크,2026-03-18,129300,2963044230600,2026-03-25,135900,5.1,7,35.7,0.033333
S,internal,S2,28,307950,현대오토에버,2026-03-18,434000,11902008188000,2026-03-25,405500,-6.57,7,39.8,0.033333
S,internal,S2,29,001440,대한전선,2026-03-18,30800,5742576840000,2026-03-25,30300,-1.62,7,40.7,0.033333
S,internal,S2,35,298040,효성중공업,2026-03-18,2731000,25465340588000,2026-03-25,2990000,9.48,7,46.0,0.033333
S,internal,S2,42,006800,미래에셋증권,2026-03-18,69900,39639292806600,2026-03-25,67300,-3.72,7,51.2,0.033333
S,internal,S2,52,000660,SK하이닉스,2026-03-18,1056000,752613697440000,2026-03-25,995000,-5.78,7,60.6,0.033333
S,internal,S2,59,010120,LS ELECTRIC,2026-03-18,833000,24990000000000,2026-03-25,844000,1.32,7,68.2,0.033333
S,internal,S2,66,000270,기아,2026-03-18,175100,68361315949800,2026-03-25,157900,-9.82,7,73.8,0.033333
S,internal,S2,73,131290,티에스이,2026-03-18,119900,1326265337100,2026-03-25,121700,1.5,7,79.8,0.033333
S,internal,S2,76,005380,현대차,2026-03-18,545000,111592982470000,2026-03-25,501000,-8.07,7,84.8,0.033333
S,internal,S2,87,071050,한국금융지주,2026-03-18,241000,13429964072000,2026-03-25,220500,-8.51,7,91.5,0.033333
S,internal,S2,88,000720,현대건설,2026-03-18,170100,18941615626500,2026-03-25,157900,-7.17,7,93.5,0.033333
S,internal,S2,89,000880,한화,2026-03-18,125600,9414817116000,2026-03-25,116700,-7.09,7,94.1,0.033333
S,internal,S2,99,017670,SK텔레콤,2026-03-18,81200,17440952303600,2026-03-25,79800,-1.72,7,105.1,0.033333
S,internal,S2,107,039490,키움증권,2026-03-18,469000,12715596943000,2026-03-25,432000,-7.89,7,110.3,0.033333
S,internal,S2,118,402340,SK스퀘어,2026-03-18,630000,83214882450000,2026-03-25,605000,-3.97,7,114.1,0.033333
S,internal,S2,129,353200,대덕전자,2026-03-18,74800,,2026-03-25,88600,18.45,7,123.1,0.033333
S,internal,S2,131,010950,S-Oil,2026-03-18,110600,12451656795200,2026-03-25,113300,2.44,7,124.1,0.033333
S,internal,S2,143,047810,한국항공우주,2026-03-18,194300,18939413290100,2026-03-25,185000,-4.79,7,134.9,0.033333
S,internal,S2,147,028050,삼성E&A,2026-03-18,33300,6526800000000,2026-03-25,33700,1.2,7,137.4,0.033333
S,internal,S2,158,032830,삼성생명,2026-03-18,235000,47000000000000,2026-03-25,227500,-3.19,7,148.9,0.033333
S,internal,S2,159,047040,대우건설,2026-03-18,14870,6180308627060,2026-03-25,16410,10.36,7,150.3,0.033333
S,internal,S2,170,420770,기가비스,2026-03-18,77300,979836093400,2026-03-25,75500,-2.33,7,171.4,0.033333
S,internal,S2,177,005940,NH투자증권,2026-03-18,34200,12186977419800,2026-03-25,34300,0.29,7,206.8,0.033333
S,internal,S2,183,005830,DB손해보험,2026-03-18,189800,13169083200000,2026-03-25,194700,2.58,7,216.1,0.033333
S,internal,S2,191,000250,삼천당제약,2026-03-18,784000,18390658048000,2026-03-25,1115000,42.22,7,273.4,0.033333
S,internal,S2,192,003380,하림지주,2026-03-18,15760,1765208586960,2026-03-25,15110,-4.12,7,273.4,0.033333
S,internal,S2,208,032500,케이엠더블유,2026-03-18,28850,1191258938350,2026-03-25,33200,15.08,7,273.4,0.033333
S,internal,S2,14,079550,LIG디펜스앤에어로스페이스,2026-03-25,734000,16148000000000,2026-04-01,794000,8.17,7,25.4,0.033333
S,internal,S2,26,084370,유진테크,2026-03-25,135900,3114290107800,2026-04-01,123700,-8.98,7,35.7,0.033333
S,internal,S2,28,307950,현대오토에버,2026-03-25,405500,11120424701000,2026-04-01,391000,-3.58,7,39.8,0.033333
S,internal,S2,35,298040,효성중공업,2026-03-25,2990000,27880398520000,2026-04-01,2653000,-11.27,7,46.0,0.033333
S,internal,S2,42,006800,미래에셋증권,2026-03-25,67300,37372794258400,2026-04-01,66600,-1.04,7,51.2,0.033333
S,internal,S2,52,000660,SK하이닉스,2026-03-25,995000,709138853175000,2026-04-01,893000,-10.25,7,60.6,0.033333
S,internal,S2,59,010120,LS ELECTRIC,2026-03-25,844000,25320000000000,2026-04-01,794000,-5.92,7,68.2,0.033333
S,internal,S2,73,131290,티에스이,2026-03-25,121700,1346175909300,2026-04-01,118800,-2.38,7,79.8,0.033333
S,internal,S2,76,005380,현대차,2026-03-25,501000,102583640766000,2026-04-01,488000,-2.59,7,84.8,0.033333
S,internal,S2,87,071050,한국금융지주,2026-03-25,220500,12287581236000,2026-04-01,224000,1.59,7,91.5,0.033333
S,internal,S2,88,000720,현대건설,2026-03-25,157900,17583075293500,2026-04-01,159900,1.27,7,93.5,0.033333
S,internal,S2,89,000880,한화,2026-03-25,116700,8747684374500,2026-04-01,113800,-2.49,7,94.1,0.033333
S,internal,S2,99,017670,SK텔레콤,2026-03-25,79800,17140246229400,2026-04-01,78500,-1.63,7,105.1,0.033333
S,internal,S2,107,039490,키움증권,2026-03-25,432000,11323450080000,2026-04-01,437500,1.27,7,110.3,0.033333
S,internal,S2,118,402340,SK스퀘어,2026-03-25,605000,79912704575000,2026-04-01,501000,-17.19,7,114.1,0.033333
S,internal,S2,129,353200,대덕전자,2026-03-25,88600,,2026-04-01,88000,-0.68,7,123.1,0.033333
S,internal,S2,143,047810,한국항공우주,2026-03-25,185000,18032894795000,2026-04-01,187900,1.57,7,134.9,0.033333
S,internal,S2,157,034730,SK,2026-03-25,346000,25085935238000,2026-04-01,321000,-7.23,7,148.5,0.033333
S,internal,S2,158,032830,삼성생명,2026-03-25,227500,45500000000000,2026-04-01,227000,-0.22,7,148.9,0.033333
S,internal,S2,159,047040,대우건설,2026-03-25,16410,6820367489580,2026-04-01,19430,18.4,7,150.3,0.033333
S,internal,S2,168,006400,삼성SDI,2026-03-25,404000,32556554120000,2026-04-01,432000,6.93,7,166.5,0.033333
S,internal,S2,170,420770,기가비스,2026-03-25,75500,957019729000,2026-04-01,86800,14.97,7,171.4,0.033333
S,internal,S2,177,005940,NH투자증권,2026-03-25,34300,12222611856700,2026-04-01,31850,-7.14,7,206.8,0.033333
S,internal,S2,183,005830,DB손해보험,2026-03-25,194700,13509064800000,2026-04-01,168000,-13.71,7,216.1,0.033333
S,internal,S2,191,000250,삼천당제약,2026-03-25,1115000,26155081280000,2026-04-01,744000,-33.27,7,273.4,0.033333
S,internal,S2,192,003380,하림지주,2026-03-25,15110,1692404933310,2026-04-01,14390,-4.77,7,273.4,0.033333
S,internal,S2,208,032500,케이엠더블유,2026-03-25,33200,1371275237200,2026-04-01,29200,-12.05,7,273.4,0.033333
S,internal,S2,209,032820,우리기술,2026-03-25,25850,4422838889700,2026-04-01,22050,-14.7,7,273.4,0.033333
S,internal,S2,214,036540,SFA반도체,2026-03-25,7100,1167668151300,2026-04-01,6470,-8.87,7,273.4,0.033333
S,internal,S2,220,039030,이오테크닉스,2026-03-25,446500,5500679075000,2026-04-01,435000,-2.58,7,273.4,0.033333
S,internal,S2,1,278470,에이피알,2026-04-01,344500,12897444397500,2026-04-08,335500,-2.61,7,3.6,0.033333
S,internal,S2,2,000660,SK하이닉스,2026-04-01,893000,636443211945000,2026-04-08,1033000,15.68,7,8.3,0.033333
S,internal,S2,6,000880,한화,2026-04-01,113800,8530304043000,2026-04-08,123800,8.79,7,12.3,0.033333
S,internal,S2,9,006800,미래에셋증권,2026-04-01,66600,36984072772800,2026-04-08,67700,1.65,7,14.9,0.033333
S,internal,S2,13,298040,효성중공업,2026-04-01,2653000,24738025844000,2026-04-08,2930000,10.44,7,17.5,0.033333
S,internal,S2,14,079550,LIG디펜스앤에어로스페이스,2026-04-01,794000,17468000000000,2026-04-08,833000,4.91,7,17.7,0.033333
S,internal,S2,22,307950,현대오토에버,2026-04-01,391000,10722776962000,2026-04-08,415500,6.27,7,30.6,0.033333
S,internal,S2,31,001440,대한전선,2026-04-01,30050,5602741365000,2026-04-08,31400,4.49,7,34.7,0.033333
S,internal,S2,37,010120,LS ELECTRIC,2026-04-01,794000,23820000000000,2026-04-08,788000,-0.76,7,39.7,0.033333
S,internal,S2,43,267270,HD건설기계,2026-04-01,146200,7013816051600,2026-04-08,160900,10.05,7,46.3,0.033333
S,internal,S2,48,039490,키움증권,2026-04-01,437500,11467614375000,2026-04-08,459500,5.03,7,47.8,0.033333
S,internal,S2,51,000720,현대건설,2026-04-01,159900,17805786823500,2026-04-08,188700,18.01,7,52.8,0.033333
S,internal,S2,52,047810,한국항공우주,2026-04-01,187900,18315572605300,2026-04-08,190400,1.33,7,53.3,0.033333
S,internal,S2,55,005380,현대차,2026-04-01,488000,99921789808000,2026-04-08,508000,4.1,7,55.1,0.033333
S,internal,S2,64,402340,SK스퀘어,2026-04-01,501000,66175644615000,2026-04-08,578000,15.37,7,60.7,0.033333
S,internal,S2,76,017670,SK텔레콤,2026-04-01,78500,16861019160500,2026-04-08,89000,13.38,7,76.7,0.033333
S,internal,S2,78,028050,삼성E&A,2026-04-01,37900,7428400000000,2026-04-08,50500,33.25,7,79.0,0.033333
S,internal,S2,81,006400,삼성SDI,2026-04-01,432000,34812948960000,2026-04-08,471500,9.14,7,80.6,0.033333
S,internal,S2,82,010950,S-Oil,2026-04-01,113100,12733113775200,2026-04-08,112100,-0.88,7,81.1,0.033333
S,internal,S2,85,071050,한국금융지주,2026-04-01,224000,12482622208000,2026-04-08,239000,6.7,7,105.15,0.033333
S,internal,S2,86,005940,NH투자증권,2026-04-01,31850,11349568152650,2026-04-08,33850,6.28,7,107.55,0.033333
S,internal,S2,94,032830,삼성생명,2026-04-01,227000,45400000000000,2026-04-08,238500,5.07,7,117.75,0.033333
S,internal,S2,101,000250,삼천당제약,2026-04-01,744000,17452359168000,2026-04-08,485000,-34.81,7,144.75,0.033333
S,internal,S2,102,003380,하림지주,2026-04-01,14390,1611760886190,2026-04-08,13800,-4.1,7,144.75,0.033333
S,internal,S2,111,032820,우리기술,2026-04-01,22050,3772673018100,2026-04-08,23650,7.26,7,144.75,0.033333
S,internal,S2,114,036540,SFA반도체,2026-04-01,6470,1064058160410,2026-04-08,6890,6.49,7,144.75,0.033333
S,internal,S2,118,039030,이오테크닉스,2026-04-01,435000,5359004250000,2026-04-08,442000,1.61,7,144.75,0.033333
S,internal,S2,121,043260,성호전자,2026-04-01,47400,3361741810200,2026-04-08,42600,-10.13,7,144.75,0.033333
S,internal,S2,122,048410,현대바이오,2026-04-01,13900,1341427450800,2026-04-08,14300,2.88,7,144.75,0.033333
S,internal,S2,125,058610,에스피지,2026-04-01,111500,2472775640000,2026-04-08,113800,2.06,7,144.75,0.033333
S,internal,S2,1,278470,에이피알,2026-04-08,335500,12560501002500,2026-04-15,413000,23.1,7,3.6,0.033333
S,internal,S2,2,000660,SK하이닉스,2026-04-08,1033000,736221543045000,2026-04-15,1136000,9.97,7,8.3,0.033333
S,internal,S2,6,000880,한화,2026-04-08,123800,9279891393000,2026-04-15,126700,2.34,7,12.3,0.033333
S,internal,S2,9,006800,미래에셋증권,2026-04-08,67700,37594920821600,2026-04-15,69700,2.95,7,14.9,0.033333
S,internal,S2,13,298040,효성중공업,2026-04-08,2930000,27320925640000,2026-04-15,2965000,1.19,7,17.5,0.033333
S,internal,S2,14,079550,LIG디펜스앤에어로스페이스,2026-04-08,833000,18326000000000,2026-04-15,893000,7.2,7,17.7,0.033333
S,internal,S2,22,307950,현대오토에버,2026-04-08,415500,11394664521000,2026-04-15,416000,0.12,7,30.6,0.033333
S,internal,S2,36,267250,HD현대,2026-04-08,251000,19827264335000,2026-04-15,255000,1.59,7,38.1,0.033333
S,internal,S2,37,010120,LS ELECTRIC,2026-04-08,788000,23640000000000,2026-04-15,186800,-76.29,7,39.7,0.033333
S,internal,S2,43,267270,HD건설기계,2026-04-08,160900,7719035586200,2026-04-15,159800,-0.68,7,46.3,0.033333
S,internal,S2,48,039490,키움증권,2026-04-08,459500,12044271555000,2026-04-15,466000,1.41,7,47.8,0.033333
S,internal,S2,51,000720,현대건설,2026-04-08,188700,21012832855500,2026-04-15,179100,-5.09,7,52.8,0.033333
S,internal,S2,52,047810,한국항공우주,2026-04-08,190400,18559260372800,2026-04-15,190000,-0.21,7,53.3,0.033333
S,internal,S2,55,005380,현대차,2026-04-08,508000,104016945128000,2026-04-15,508000,0.0,7,55.1,0.033333
S,internal,S2,59,000270,기아,2026-04-08,159200,62153749281600,2026-04-15,151500,-4.84,7,57.9,0.033333
S,internal,S2,60,011070,LG이노텍,2026-04-08,347000,8212486129000,2026-04-15,383000,10.37,7,58.4,0.033333
S,internal,S2,64,402340,SK스퀘어,2026-04-08,578000,76346352470000,2026-04-15,665000,15.05,7,60.7,0.033333
S,internal,S2,76,017670,SK텔레콤,2026-04-08,89000,19116314717000,2026-04-15,98100,10.22,7,76.7,0.033333
S,internal,S2,78,028050,삼성E&A,2026-04-08,50500,9898000000000,2026-04-15,52400,3.76,7,79.0,0.033333
S,internal,S2,81,006400,삼성SDI,2026-04-08,471500,37996077395000,2026-04-15,471000,-0.11,7,80.6,0.033333
S,internal,S2,82,010950,S-Oil,2026-04-08,112100,12620530983200,2026-04-15,117500,4.82,7,81.1,0.033333
S,internal,S2,85,071050,한국금융지주,2026-04-08,239000,13318512088000,2026-04-15,255000,6.69,7,105.15,0.033333
S,internal,S2,86,005940,NH투자증권,2026-04-08,33850,12062256890650,2026-04-15,35350,4.43,7,107.55,0.033333
S,internal,S2,87,016360,삼성증권,2026-04-08,104400,9322920000000,2026-04-15,111100,6.42,7,111.15,0.033333
S,internal,S2,94,032830,삼성생명,2026-04-08,238500,47700000000000,2026-04-15,258000,8.18,7,117.75,0.033333
S,internal,S2,97,005830,DB손해보험,2026-04-08,167800,11642635200000,2026-04-15,164800,-1.79,7,119.55,0.033333
S,internal,S2,101,000250,삼천당제약,2026-04-08,485000,11376873920000,2026-04-15,555000,14.43,7,144.75,0.033333
S,internal,S2,111,032820,우리기술,2026-04-08,23650,4046427069300,2026-04-15,21750,-8.03,7,144.75,0.033333
S,internal,S2,115,036830,솔브레인홀딩스,2026-04-08,51900,1064156613900,2026-04-15,53500,3.08,7,144.75,0.033333
S,internal,S2,118,039030,이오테크닉스,2026-04-08,442000,5445241100000,2026-04-15,472000,6.79,7,144.75,0.033333
S,internal,S2,1,278470,에이피알,2026-04-15,413000,15461958015000,2026-04-22,434000,5.08,7,3.6,0.033333
S,internal,S2,2,000660,SK하이닉스,2026-04-15,1136000,809629886640000,2026-04-22,1223000,7.66,7,8.3,0.033333
S,internal,S2,5,010130,고려아연,2026-04-15,1660000,34649128540000,2026-04-22,1698000,2.29,7,11.5,0.033333
S,internal,S2,9,006800,미래에셋증권,2026-04-15,69700,38705553637600,2026-04-22,69100,-0.86,7,14.9,0.033333
S,internal,S2,13,298040,효성중공업,2026-04-15,2965000,27647284820000,2026-04-22,3084000,4.01,7,17.5,0.033333
S,internal,S2,14,079550,LIG디펜스앤에어로스페이스,2026-04-15,893000,19646000000000,2026-04-22,1020000,14.22,7,17.7,0.033333
S,internal,S2,31,001440,대한전선,2026-04-15,41250,7690951125000,2026-04-22,41050,-0.48,7,34.7,0.033333
S,internal,S2,48,039490,키움증권,2026-04-15,466000,12214647540000,2026-04-22,444000,-4.72,7,47.8,0.033333
S,internal,S2,51,000720,현대건설,2026-04-15,179100,19943817511500,2026-04-22,168800,-5.75,7,52.8,0.033333
S,internal,S2,55,005380,현대차,2026-04-15,508000,104016945128000,2026-04-22,541000,6.5,7,55.1,0.033333
S,internal,S2,60,011070,LG이노텍,2026-04-15,383000,9064501981000,2026-04-22,500000,30.55,7,58.4,0.033333
S,internal,S2,64,402340,SK스퀘어,2026-04-15,665000,87837931475000,2026-04-22,720000,8.27,7,60.7,0.033333
S,internal,S2,69,066570,LG전자,2026-04-15,122200,19904716491400,2026-04-22,132800,8.67,7,67.8,0.033333
S,internal,S2,76,017670,SK텔레콤,2026-04-15,98100,21070904199300,2026-04-22,100300,2.24,7,76.7,0.033333
S,internal,S2,78,028050,삼성E&A,2026-04-15,52400,10270400000000,2026-04-22,50600,-3.44,7,79.0,0.033333
S,internal,S2,81,006400,삼성SDI,2026-04-15,471000,37955784630000,2026-04-22,659000,39.92,7,80.6,0.033333
S,internal,S2,82,010950,S-Oil,2026-04-15,117500,13228478060000,2026-04-22,114100,-2.89,7,81.1,0.033333
S,internal,S2,85,071050,한국금융지주,2026-04-15,255000,14210127960000,2026-04-22,258000,1.18,7,105.15,0.033333
S,internal,S2,86,005940,NH투자증권,2026-04-15,35350,12596773444150,2026-04-22,35600,0.71,7,107.55,0.033333
S,internal,S2,87,016360,삼성증권,2026-04-15,111100,9921230000000,2026-04-22,109400,-1.53,7,111.15,0.033333
S,internal,S2,94,032830,삼성생명,2026-04-15,258000,51600000000000,2026-04-22,247500,-4.07,7,117.75,0.033333
S,internal,S2,97,005830,DB손해보험,2026-04-15,164800,11434483200000,2026-04-22,172100,4.43,7,119.55,0.033333
S,internal,S2,101,000250,삼천당제약,2026-04-15,555000,13018896960000,2026-04-22,403000,-27.39,7,144.75,0.033333
S,internal,S2,103,005290,동진쎄미켐,2026-04-15,56500,2904918911000,2026-04-22,60400,6.9,7,144.75,0.033333
S,internal,S2,111,032820,우리기술,2026-04-15,21750,3721344133500,2026-04-22,22050,1.38,7,144.75,0.033333
S,internal,S2,115,036830,솔브레인홀딩스,2026-04-15,53500,1096962983500,2026-04-22,64600,20.75,7,144.75,0.033333
S,internal,S2,118,039030,이오테크닉스,2026-04-15,472000,5814827600000,2026-04-22,483000,2.33,7,144.75,0.033333
S,internal,S2,121,043260,성호전자,2026-04-15,51100,3624156255300,2026-04-22,51600,0.98,7,144.75,0.033333
S,internal,S2,122,048410,현대바이오,2026-04-15,14250,1375204401000,2026-04-22,13800,-3.16,7,144.75,0.033333
S,internal,S2,125,058610,에스피지,2026-04-15,113500,2517130360000,2026-04-22,116100,2.29,7,144.75,0.033333
S,internal,S2,1,278470,에이피알,2026-04-22,434000,16248159270000,2026-04-29,451000,3.92,7,3.6,0.033333
S,internal,S2,2,000660,SK하이닉스,2026-04-22,1223000,871634992395000,2026-04-29,1293000,5.72,7,8.3,0.033333
S,internal,S2,9,006800,미래에셋증권,2026-04-22,69100,38666071408000,2026-04-29,67700,-2.03,7,14.9,0.033333
S,internal,S2,14,079550,LIG디펜스앤에어로스페이스,2026-04-22,1020000,22440000000000,2026-04-29,968000,-5.1,7,17.7,0.033333
S,internal,S2,31,001440,대한전선,2026-04-22,41050,7653661665000,2026-04-29,51200,24.73,7,34.7,0.033333
S,internal,S2,43,267270,HD건설기계,2026-04-22,180300,8649733475400,2026-04-29,196000,8.71,7,46.3,0.033333
S,internal,S2,48,039490,키움증권,2026-04-22,444000,11637993024000,2026-04-29,423500,-4.62,7,47.8,0.033333
S,internal,S2,51,000720,현대건설,2026-04-22,168800,18796853132000,2026-04-29,168600,-0.12,7,52.8,0.033333
S,internal,S2,60,011070,LG이노텍,2026-04-22,500000,11833553500000,2026-04-29,592000,18.4,7,58.4,0.033333
S,internal,S2,64,402340,SK스퀘어,2026-04-22,720000,95010037920000,2026-04-29,830000,15.28,7,60.7,0.033333
S,internal,S2,76,017670,SK텔레콤,2026-04-22,100300,21543442315900,2026-04-29,95600,-4.69,7,76.7,0.033333
S,internal,S2,78,028050,삼성E&A,2026-04-22,50600,9917600000000,2026-04-29,54300,7.31,7,79.0,0.033333
S,internal,S2,81,006400,삼성SDI,2026-04-22,659000,53105864270000,2026-04-29,712000,8.04,7,80.6,0.033333
S,internal,S2,85,071050,한국금융지주,2026-04-22,258000,14377305936000,2026-04-29,249000,-3.49,7,105.15,0.033333
S,internal,S2,86,005940,NH투자증권,2026-04-22,35600,12685859536400,2026-04-29,34600,-2.81,7,107.55,0.033333
S,internal,S2,94,032830,삼성생명,2026-04-22,247500,49500000000000,2026-04-29,252000,1.82,7,117.75,0.033333
S,internal,S2,97,005830,DB손해보험,2026-04-22,172100,11272610062900,2026-04-29,172200,0.06,7,119.55,0.033333
S,internal,S2,103,005290,동진쎄미켐,2026-04-22,60400,3105435437600,2026-04-29,58400,-3.31,7,144.75,0.033333
S,internal,S2,111,032820,우리기술,2026-04-22,22050,3772673018100,2026-04-29,22300,1.13,7,144.75,0.033333
S,internal,S2,114,036540,SFA반도체,2026-04-22,7860,1292657981580,2026-04-29,8620,9.67,7,144.75,0.033333
S,internal,S2,115,036830,솔브레인홀딩스,2026-04-22,64600,1324557172600,2026-04-29,79600,23.22,7,144.75,0.033333
S,internal,S2,118,039030,이오테크닉스,2026-04-22,483000,5950342650000,2026-04-29,516000,6.83,7,144.75,0.033333
S,internal,S2,121,043260,성호전자,2026-04-22,51600,3659617666800,2026-04-29,43800,-15.12,7,144.75,0.033333
S,internal,S2,122,048410,현대바이오,2026-04-22,13800,1331776893600,2026-04-29,14600,5.8,7,144.75,0.033333
S,internal,S2,123,052400,코나아이,2026-04-22,61200,891273409200,2026-04-29,55700,-8.99,7,144.75,0.033333
S,internal,S2,128,067310,하나마이크론,2026-04-22,39900,2651922617400,2026-04-29,40150,0.63,7,144.75,0.033333
S,internal,S2,129,078600,대주전자재료,2026-04-22,145300,2256236562500,2026-04-29,166600,14.66,7,144.75,0.033333
S,internal,S2,130,080220,제주반도체,2026-04-22,46950,1617091009350,2026-04-29,53600,14.16,7,144.75,0.033333
S,internal,S2,132,083650,비에이치아이,2026-04-22,98200,3038737625000,2026-04-29,99900,1.73,7,144.75,0.033333
S,internal,S2,133,084370,유진테크,2026-04-22,134600,3084499253200,2026-04-29,140000,4.01,7,144.75,0.033333
S,internal,S2,1,278470,에이피알,2026-04-29,451000,16884607905000,2026-05-06,422000,-6.43,7,3.6,0.033333
S,internal,S2,2,000660,SK하이닉스,2026-04-29,1293000,921524157945000,2026-05-06,1601000,23.82,7,8.3,0.033333
S,internal,S2,9,006800,미래에셋증권,2026-04-29,67700,37882677776000,2026-05-06,83800,23.78,7,14.9,0.033333
S,internal,S2,13,298040,효성중공업,2026-04-29,3982000,37130350136000,2026-05-06,4597000,15.44,7,17.5,0.033333
S,internal,S2,14,079550,LIG디펜스앤에어로스페이스,2026-04-29,968000,21296000000000,2026-05-06,979000,1.14,7,17.7,0.033333
S,internal,S2,18,267260,HD현대일렉트릭,2026-04-29,1260000,45419390100000,2026-05-06,1389000,10.24,7,20.9,0.033333
S,internal,S2,20,443060,HD현대마린솔루션,2026-04-29,268500,12037784010000,2026-05-06,260500,-2.98,7,29.5,0.033333
S,internal,S2,31,001440,대한전선,2026-04-29,51200,9546101760000,2026-05-06,69200,35.16,7,34.7,0.033333
S,internal,S2,43,267270,HD건설기계,2026-04-29,196000,9402927128000,2026-05-06,187700,-4.23,7,46.3,0.033333
S,internal,S2,51,000720,현대건설,2026-04-29,168600,18774581979000,2026-05-06,163700,-2.91,7,52.8,0.033333
S,internal,S2,60,011070,LG이노텍,2026-04-29,592000,14010927344000,2026-05-06,632000,6.76,7,58.4,0.033333
S,internal,S2,64,402340,SK스퀘어,2026-04-29,830000,109525460380000,2026-05-06,1089000,31.2,7,60.7,0.033333
S,internal,S2,73,034730,SK,2026-04-29,425000,30813648775000,2026-05-06,520000,22.35,7,71.8,0.033333
S,internal,S2,76,017670,SK텔레콤,2026-04-29,95600,20533929066800,2026-05-06,95500,-0.1,7,76.7,0.033333
S,internal,S2,78,028050,삼성E&A,2026-04-29,54300,10642800000000,2026-05-06,53000,-2.39,7,79.0,0.033333
S,internal,S2,81,006400,삼성SDI,2026-04-29,712000,57376897360000,2026-05-06,698000,-1.97,7,80.6,0.033333
S,internal,S2,86,005940,NH투자증권,2026-04-29,34600,12329515167400,2026-05-06,38450,11.13,7,107.55,0.033333
S,internal,S2,94,032830,삼성생명,2026-04-29,252000,50400000000000,2026-05-06,298000,18.25,7,117.75,0.033333
S,internal,S2,101,000250,삼천당제약,2026-04-29,443000,10391660096000,2026-05-06,406000,-8.35,7,144.75,0.033333
S,internal,S2,103,005290,동진쎄미켐,2026-04-29,58400,3002606449600,2026-05-06,59100,1.2,7,144.75,0.033333
S,internal,S2,111,032820,우리기술,2026-04-29,22300,3815447088600,2026-05-06,21250,-4.71,7,144.75,0.033333
S,internal,S2,114,036540,SFA반도체,2026-04-29,8620,1417647811860,2026-05-06,8890,3.13,7,144.75,0.033333
S,internal,S2,115,036830,솔브레인홀딩스,2026-04-29,79600,1632116887600,2026-05-06,71200,-10.55,7,144.75,0.033333
S,internal,S2,118,039030,이오테크닉스,2026-04-29,516000,6356887800000,2026-05-06,479000,-7.17,7,144.75,0.033333
S,internal,S2,121,043260,성호전자,2026-04-29,43800,3106419647400,2026-05-06,40600,-7.31,7,144.75,0.033333
S,internal,S2,122,048410,현대바이오,2026-04-29,14600,1408981351200,2026-05-06,13740,-5.89,7,144.75,0.033333
S,internal,S2,128,067310,하나마이크론,2026-04-29,40150,2668538673900,2026-05-06,43500,8.34,7,144.75,0.033333
S,internal,S2,129,078600,대주전자재료,2026-04-29,166600,2586985625000,2026-05-06,158600,-4.8,7,144.75,0.033333
S,internal,S2,130,080220,제주반도체,2026-04-29,53600,1846135848800,2026-05-06,58500,9.14,7,144.75,0.033333
S,internal,S2,132,083650,비에이치아이,2026-04-29,99900,3091343062500,2026-05-06,98800,-1.1,7,144.75,0.033333
S,internal,S2,1,082740,한화엔진,2026-05-06,84500,7051283499000,2026-05-13,78800,-6.75,7,1.0,0.033333
S,internal,S2,2,278470,에이피알,2026-05-06,422000,15798901410000,2026-05-13,402000,-4.74,7,4.6,0.033333
S,internal,S2,3,000660,SK하이닉스,2026-05-06,1601000,1141036486365000,2026-05-13,1976000,23.42,7,9.6,0.033333
S,internal,S2,11,006800,미래에셋증권,2026-05-06,83800,46891704544000,2026-05-13,72900,-13.01,7,16.5,0.033333
S,internal,S2,16,079550,LIG디펜스앤에어로스페이스,2026-05-06,979000,21538000000000,2026-05-13,873000,-10.83,7,19.6,0.033333
S,internal,S2,17,298040,효성중공업,2026-05-06,4597000,42864947156000,2026-05-13,4197000,-8.7,7,20.2,0.033333
S,internal,S2,20,000990,DB하이텍,2026-05-06,162000,7047743256000,2026-05-13,185600,14.57,7,23.5,0.033333
S,internal,S2,21,267260,HD현대일렉트릭,2026-05-06,1389000,50069470515000,2026-05-13,1280000,-7.85,7,23.9,0.033333
S,internal,S2,22,066970,엘앤에프,2026-05-06,212500,8577733137500,2026-05-13,169000,-20.47,7,26.6,0.033333
S,internal,S2,25,443060,HD현대마린솔루션,2026-05-06,260500,11679116330000,2026-05-13,232000,-10.94,7,32.8,0.033333
S,internal,S2,36,001440,대한전선,2026-05-06,69200,12902153160000,2026-05-13,65400,-5.49,7,38.4,0.033333
S,internal,S2,49,267270,HD건설기계,2026-05-06,187700,9004741948600,2026-05-13,179400,-4.42,7,48.5,0.033333
S,internal,S2,53,000720,현대건설,2026-05-06,163700,18228938730500,2026-05-13,160700,-1.83,7,54.5,0.033333
S,internal,S2,63,011070,LG이노텍,2026-05-06,632000,14957611624000,2026-05-13,753000,19.15,7,60.2,0.033333
S,internal,S2,67,402340,SK스퀘어,2026-05-06,1089000,143702682354000,2026-05-13,1190000,9.27,7,63.8,0.033333
S,internal,S2,72,066570,LG전자,2026-05-06,154900,25231101346300,2026-05-13,191400,23.56,7,69.3,0.033333
S,internal,S2,75,034730,SK,2026-05-06,520000,37701405560000,2026-05-13,550000,5.77,7,73.3,0.033333
S,internal,S2,77,005490,POSCO홀딩스,2026-05-06,506000,40096212662000,2026-05-13,478500,-5.43,7,75.3,0.033333
S,internal,S2,78,017670,SK텔레콤,2026-05-06,95500,20512450061500,2026-05-13,105800,10.79,7,77.5,0.033333
S,internal,S2,80,028050,삼성E&A,2026-05-06,53000,10388000000000,2026-05-13,53000,0.0,7,80.5,0.033333
S,internal,S2,84,006400,삼성SDI,2026-05-06,698000,56248699940000,2026-05-13,634000,-9.17,7,82.1,0.033333
S,internal,S2,87,047040,대우건설,2026-05-06,32200,13231225943600,2026-05-13,28950,-10.09,7,88.3,0.033333
S,internal,S2,88,071050,한국금융지주,2026-05-06,291500,16244126668000,2026-05-13,251500,-13.72,7,106.8,0.033333
S,internal,S2,89,005940,NH투자증권,2026-05-06,38450,13701440988050,2026-05-13,33550,-12.74,7,109.5,0.033333
S,internal,S2,90,016360,삼성증권,2026-05-06,149500,13350350000000,2026-05-13,127900,-14.45,7,113.1,0.033333
S,internal,S2,95,032830,삼성생명,2026-05-06,298000,59600000000000,2026-05-13,306000,2.68,7,119.1,0.033333
S,internal,S2,102,005290,동진쎄미켐,2026-05-06,59100,3038596595400,2026-05-13,57700,-2.37,7,145.65,0.033333
S,internal,S2,104,010170,대한광통신,2026-05-06,18270,2840723008200,2026-05-13,24750,35.47,7,145.65,0.033333
S,internal,S2,107,027360,아주IB투자,2026-05-06,15570,1886233971420,2026-05-13,15710,0.9,7,145.65,0.033333
S,internal,S2,111,032500,케이엠더블유,2026-05-06,30750,1296262406250,2026-05-13,33500,8.94,7,145.65,0.033333
S,internal,S2,1,082740,한화엔진,2026-05-13,78800,6575634789600,2026-05-15,71600,-9.14,2,1.0,0.033333
S,internal,S2,2,278470,에이피알,2026-05-13,402000,15050138310000,2026-05-15,404000,0.5,2,4.6,0.033333
S,internal,S2,3,000660,SK하이닉스,2026-05-13,1976000,1408299873240000,2026-05-15,1819000,-7.95,2,9.6,0.033333
S,internal,S2,7,000880,한화,2026-05-13,140700,9920464203300,2026-05-15,141400,0.5,2,13.9,0.033333
S,internal,S2,11,006800,미래에셋증권,2026-05-13,72900,40792425552000,2026-05-15,69900,-4.12,2,16.5,0.033333
S,internal,S2,14,329180,HD현대중공업,2026-05-13,733000,76936577925000,2026-05-15,640000,-12.69,2,18.2,0.033333
S,internal,S2,16,079550,LIG디펜스앤에어로스페이스,2026-05-13,873000,19206000000000,2026-05-15,834000,-4.47,2,19.6,0.033333
S,internal,S2,17,298040,효성중공업,2026-05-13,4197000,39135127956000,2026-05-15,3745000,-10.77,2,20.2,0.033333
S,internal,S2,20,000990,DB하이텍,2026-05-13,185600,8074451532800,2026-05-15,163500,-11.91,2,23.5,0.033333
S,internal,S2,21,267260,HD현대일렉트릭,2026-05-13,1280000,46140332800000,2026-05-15,1179000,-7.89,2,23.9,0.033333
S,internal,S2,22,066970,엘앤에프,2026-05-13,169000,6836977303000,2026-05-15,160200,-5.21,2,26.6,0.033333
S,internal,S2,25,443060,HD현대마린솔루션,2026-05-13,232000,10401362720000,2026-05-15,215500,-7.11,2,32.8,0.033333
S,internal,S2,26,307950,현대오토에버,2026-05-13,699000,19169363418000,2026-05-15,648000,-7.3,2,33.6,0.033333
S,internal,S2,36,001440,대한전선,2026-05-13,65400,12193653420000,2026-05-15,60000,-8.26,2,38.4,0.033333
S,internal,S2,40,267250,HD현대,2026-05-13,298500,23579435872500,2026-05-15,269500,-9.72,2,41.5,0.033333
S,internal,S2,47,012330,현대모비스,2026-05-13,649000,58885446367000,2026-05-15,629000,-3.08,2,47.9,0.033333
S,internal,S2,49,267270,HD건설기계,2026-05-13,179400,8606556769200,2026-05-15,162400,-9.48,2,48.5,0.033333
S,internal,S2,53,000720,현대건설,2026-05-13,160700,17894871435500,2026-05-15,155000,-3.55,2,54.5,0.033333
S,internal,S2,57,005380,현대차,2026-05-13,710000,145378013860000,2026-05-15,700000,-1.41,2,57.3,0.033333
S,internal,S2,63,011070,LG이노텍,2026-05-13,753000,17821331571000,2026-05-15,732000,-2.79,2,60.2,0.033333
S,internal,S2,67,402340,SK스퀘어,2026-05-13,1190000,157030479340000,2026-05-15,1098000,-7.73,2,63.8,0.033333
S,internal,S2,69,028260,삼성물산,2026-05-13,428500,69489408358500,2026-05-15,396500,-7.47,2,64.8,0.033333
S,internal,S2,70,003550,LG,2026-05-13,108700,16763886289500,2026-05-15,126000,15.92,2,66.1,0.033333
S,internal,S2,72,066570,LG전자,2026-05-13,191400,31176454471800,2026-05-15,240500,25.65,2,69.3,0.033333
S,internal,S2,75,034730,SK,2026-05-13,550000,39876486650000,2026-05-15,503000,-8.55,2,73.3,0.033333
S,internal,S2,76,051910,LG화학,2026-05-13,387500,27354532912500,2026-05-15,374000,-3.48,2,74.3,0.033333
S,internal,S2,77,005490,POSCO홀딩스,2026-05-13,478500,37917070669500,2026-05-15,467500,-2.3,2,75.3,0.033333
S,internal,S2,78,017670,SK텔레콤,2026-05-13,105800,22724787607400,2026-05-15,101300,-4.25,2,77.5,0.033333
S,internal,S2,79,034220,LG디스플레이,2026-05-13,14170,7085000000000,2026-05-15,14100,-0.49,2,78.8,0.033333
S,internal,S2,80,028050,삼성E&A,2026-05-13,53000,10388000000000,2026-05-15,50600,-4.53,2,80.5,0.033333
S,internal,S2_PIT_V01,3,402340,SK스퀘어,2026-03-04,507000,66968167305000,2026-03-11,565000,11.44,7,8.595,0.033333
S,internal,S2_PIT_V01,4,017670,SK텔레콤,2026-03-04,70300,15099740725900,2026-03-11,77900,10.81,7,10.985,0.033333
S,internal,S2_PIT_V01,7,000270,기아,2026-03-04,156700,61177716786600,2026-03-11,162000,3.38,7,14.0,0.033333
S,internal,S2_PIT_V01,8,086280,현대글로비스,2026-03-04,232000,17400000000000,2026-03-11,236500,1.94,7,14.08,0.033333
S,internal,S2_PIT_V01,10,005380,현대차,2026-03-04,501000,102583640766000,2026-03-11,530000,5.79,7,14.545,0.033333
S,internal,S2_PIT_V01,13,012330,현대모비스,2026-03-04,399000,36202300617000,2026-03-11,423000,6.02,7,15.67,0.033333
S,internal,S2_PIT_V01,15,000990,DB하이텍,2026-03-04,77300,3362904652400,2026-03-11,85000,9.96,7,15.95,0.033333
S,internal,S2_PIT_V01,17,047040,대우건설,2026-03-04,7550,3137950916900,2026-03-11,9950,31.79,7,17.79,0.033333
S,internal,S2_PIT_V01,26,066570,LG전자,2026-03-04,109000,17754616183000,2026-03-11,117900,8.17,7,22.015,0.033333
S,internal,S2_PIT_V01,28,005930,삼성전자,2026-03-04,172200,1019361650168400,2026-03-11,190000,10.34,7,24.135,0.033333
S,internal,S2_PIT_V01,30,131290,티에스이,2026-03-04,83900,928053893100,2026-03-11,100500,19.79,7,58.635,0.033333
S,internal,S2_PIT_V01,31,420770,기가비스,2026-03-04,64700,820121542600,2026-03-11,77400,19.63,7,60.705,0.033333
S,internal,S2_PIT_V01,32,084370,유진테크,2026-03-04,117900,2701801351800,2026-03-11,124200,5.34,7,60.865,0.033333
S,internal,S2_PIT_V01,34,056190,에스에프에이,2026-03-04,27700,994672652000,2026-03-11,29200,5.42,7,65.715,0.033333
S,internal,S2_PIT_V01,37,000250,삼천당제약,2026-03-04,645000,15130069440000,2026-03-11,774000,20.0,7,116.6,0.033333
S,internal,S2_PIT_V01,38,000660,SK하이닉스,2026-03-04,849000,605084307885000,2026-03-11,955000,12.49,7,116.6,0.033333
S,internal,S2_PIT_V01,39,000720,현대건설,2026-03-04,126900,14131046578500,2026-03-11,148800,17.26,7,116.6,0.033333
S,internal,S2_PIT_V01,41,000880,한화,2026-03-04,113300,8492824675500,2026-03-11,129600,14.39,7,116.6,0.033333
S,internal,S2_PIT_V01,44,003380,하림지주,2026-03-04,13400,1500875321400,2026-03-11,15880,18.51,7,116.6,0.033333
S,internal,S2_PIT_V01,47,005290,동진쎄미켐,2026-03-04,45150,2321364404100,2026-03-11,50300,11.41,7,116.6,0.033333
S,internal,S2_PIT_V01,49,005830,DB손해보험,2026-03-04,175500,12176892000000,2026-03-11,183200,4.39,7,116.6,0.033333
S,internal,S2_PIT_V01,50,005940,NH투자증권,2026-03-04,28800,10262717827200,2026-03-11,33300,15.62,7,116.6,0.033333
S,internal,S2_PIT_V01,51,006260,LS,2026-03-04,233000,7386100000000,2026-03-11,252500,8.37,7,116.6,0.033333
S,internal,S2_PIT_V01,53,006800,미래에셋증권,2026-03-04,56500,32040343971000,2026-03-11,71400,26.37,7,116.6,0.033333
S,internal,S2_PIT_V01,56,009150,삼성전기,2026-03-04,362500,27076464800000,2026-03-11,406000,12.0,7,116.6,0.033333
S,internal,S2_PIT_V01,58,009830,한화솔루션,2026-03-04,39950,6867106813200,2026-03-11,51400,28.66,7,116.6,0.033333
S,internal,S2_PIT_V01,59,010120,LS ELECTRIC,2026-03-04,626000,18780000000000,2026-03-11,722000,15.34,7,116.6,0.033333
S,internal,S2_PIT_V01,60,010130,고려아연,2026-03-04,1632000,34064685408000,2026-03-11,1666000,2.08,7,116.6,0.033333
S,internal,S2_PIT_V01,61,010170,대한광통신,2026-03-04,3800,501545508000,2026-03-11,7160,88.42,7,116.6,0.033333
S,internal,S2_PIT_V01,62,010950,S-Oil,2026-03-04,126500,14241723188000,2026-03-11,114600,-9.41,7,116.6,0.033333
S,internal,S2_PIT_V01,3,402340,SK스퀘어,2026-03-11,565000,74629219975000,2026-03-18,630000,11.5,7,8.595,0.033333
S,internal,S2_PIT_V01,4,017670,SK텔레콤,2026-03-11,77900,16732145128700,2026-03-18,81200,4.24,7,10.985,0.033333
S,internal,S2_PIT_V01,7,000270,기아,2026-03-11,162000,63246905676000,2026-03-18,175100,8.09,7,14.0,0.033333
S,internal,S2_PIT_V01,8,086280,현대글로비스,2026-03-11,236500,17737500000000,2026-03-18,236500,0.0,7,14.08,0.033333
S,internal,S2_PIT_V01,10,005380,현대차,2026-03-11,530000,108521615980000,2026-03-18,545000,2.83,7,14.545,0.033333
S,internal,S2_PIT_V01,13,012330,현대모비스,2026-03-11,423000,38379882609000,2026-03-18,430000,1.65,7,15.67,0.033333
S,internal,S2_PIT_V01,17,047040,대우건설,2026-03-11,9950,4135445248100,2026-03-18,14870,49.45,7,17.79,0.033333
S,internal,S2_PIT_V01,24,298040,효성중공업,2026-03-11,2533000,23619080084000,2026-03-18,2731000,7.82,7,20.795,0.033333
S,internal,S2_PIT_V01,26,066570,LG전자,2026-03-11,117900,19204305027300,2026-03-18,120000,1.78,7,22.015,0.033333
S,internal,S2_PIT_V01,28,005930,삼성전자,2026-03-11,190000,1124731205180000,2026-03-18,208500,9.74,7,24.135,0.033333
S,internal,S2_PIT_V01,30,131290,티에스이,2026-03-11,100500,1111673614500,2026-03-18,119900,19.3,7,58.635,0.033333
S,internal,S2_PIT_V01,31,420770,기가비스,2026-03-11,77400,981103669200,2026-03-18,77300,-0.13,7,60.705,0.033333
S,internal,S2_PIT_V01,32,084370,유진테크,2026-03-11,124200,2846172416400,2026-03-18,129300,4.11,7,60.865,0.033333
S,internal,S2_PIT_V01,37,000250,삼천당제약,2026-03-11,774000,18156083328000,2026-03-18,784000,1.29,7,116.6,0.033333
S,internal,S2_PIT_V01,38,000660,SK하이닉스,2026-03-11,955000,680630758575000,2026-03-18,1056000,10.58,7,116.6,0.033333
S,internal,S2_PIT_V01,39,000720,현대건설,2026-03-11,148800,16569737832000,2026-03-18,170100,14.31,7,116.6,0.033333
S,internal,S2_PIT_V01,41,000880,한화,2026-03-11,129600,9714652056000,2026-03-18,125600,-3.09,7,116.6,0.033333
S,internal,S2_PIT_V01,42,001440,대한전선,2026-03-11,30350,5658675555000,2026-03-18,30800,1.48,7,116.6,0.033333
S,internal,S2_PIT_V01,44,003380,하림지주,2026-03-11,15880,1778649261480,2026-03-18,15760,-0.76,7,116.6,0.033333
S,internal,S2_PIT_V01,49,005830,DB손해보험,2026-03-11,183200,12711148800000,2026-03-18,189800,3.6,7,116.6,0.033333
S,internal,S2_PIT_V01,50,005940,NH투자증권,2026-03-11,33300,11866267487700,2026-03-18,34200,2.7,7,116.6,0.033333
S,internal,S2_PIT_V01,51,006260,LS,2026-03-11,252500,8004250000000,2026-03-18,282000,11.68,7,116.6,0.033333
S,internal,S2_PIT_V01,52,006400,삼성SDI,2026-03-11,400000,32234212000000,2026-03-18,405000,1.25,7,116.6,0.033333
S,internal,S2_PIT_V01,53,006800,미래에셋증권,2026-03-11,71400,40489921407600,2026-03-18,69900,-2.1,7,116.6,0.033333
S,internal,S2_PIT_V01,56,009150,삼성전기,2026-03-11,406000,30325640576000,2026-03-18,464000,14.29,7,116.6,0.033333
S,internal,S2_PIT_V01,58,009830,한화솔루션,2026-03-11,51400,8835276350400,2026-03-18,50800,-1.17,7,116.6,0.033333
S,internal,S2_PIT_V01,59,010120,LS ELECTRIC,2026-03-11,722000,21660000000000,2026-03-18,833000,15.37,7,116.6,0.033333
S,internal,S2_PIT_V01,61,010170,대한광통신,2026-03-11,7160,945017325600,2026-03-18,7030,-1.82,7,116.6,0.033333
S,internal,S2_PIT_V01,62,010950,S-Oil,2026-03-11,114600,12901987963200,2026-03-18,110600,-3.49,7,116.6,0.033333
S,internal,S2_PIT_V01,64,012450,한화에어로스페이스,2026-03-11,1410000,72704395410000,2026-03-18,1390000,-1.42,7,116.6,0.033333
S,internal,S2_PIT_V01,3,402340,SK스퀘어,2026-03-18,630000,83214882450000,2026-03-25,605000,-3.97,7,8.595,0.033333
S,internal,S2_PIT_V01,4,017670,SK텔레콤,2026-03-18,81200,17440952303600,2026-03-25,79800,-1.72,7,10.985,0.033333
S,internal,S2_PIT_V01,5,000150,두산,2026-03-18,1189000,19254469815000,2026-03-25,1250000,5.13,7,11.275,0.033333
S,internal,S2_PIT_V01,6,034020,두산에너빌리티,2026-03-18,107300,68732210965800,2026-03-25,102600,-4.38,7,11.335,0.033333
S,internal,S2_PIT_V01,7,000270,기아,2026-03-18,175100,68361315949800,2026-03-25,157900,-9.82,7,14.0,0.033333
S,internal,S2_PIT_V01,10,005380,현대차,2026-03-18,545000,111592982470000,2026-03-25,501000,-8.07,7,14.545,0.033333
S,internal,S2_PIT_V01,17,047040,대우건설,2026-03-18,14870,6180308627060,2026-03-25,16410,10.36,7,17.79,0.033333
S,internal,S2_PIT_V01,22,028050,삼성E&A,2026-03-18,33300,6526800000000,2026-03-25,33700,1.2,7,19.835,0.033333
S,internal,S2_PIT_V01,24,298040,효성중공업,2026-03-18,2731000,25465340588000,2026-03-25,2990000,9.48,7,20.795,0.033333
S,internal,S2_PIT_V01,28,005930,삼성전자,2026-03-18,208500,1234244506737000,2026-03-25,189000,-9.35,7,24.135,0.033333
S,internal,S2_PIT_V01,30,131290,티에스이,2026-03-18,119900,1326265337100,2026-03-25,121700,1.5,7,58.635,0.033333
S,internal,S2_PIT_V01,31,420770,기가비스,2026-03-18,77300,979836093400,2026-03-25,75500,-2.33,7,60.705,0.033333
S,internal,S2_PIT_V01,32,084370,유진테크,2026-03-18,129300,2963044230600,2026-03-25,135900,5.1,7,60.865,0.033333
S,internal,S2_PIT_V01,37,000250,삼천당제약,2026-03-18,784000,18390658048000,2026-03-25,1115000,42.22,7,116.6,0.033333
S,internal,S2_PIT_V01,38,000660,SK하이닉스,2026-03-18,1056000,752613697440000,2026-03-25,995000,-5.78,7,116.6,0.033333
S,internal,S2_PIT_V01,39,000720,현대건설,2026-03-18,170100,18941615626500,2026-03-25,157900,-7.17,7,116.6,0.033333
S,internal,S2_PIT_V01,41,000880,한화,2026-03-18,125600,9414817116000,2026-03-25,116700,-7.09,7,116.6,0.033333
S,internal,S2_PIT_V01,42,001440,대한전선,2026-03-18,30800,5742576840000,2026-03-25,30300,-1.62,7,116.6,0.033333
S,internal,S2_PIT_V01,44,003380,하림지주,2026-03-18,15760,1765208586960,2026-03-25,15110,-4.12,7,116.6,0.033333
S,internal,S2_PIT_V01,49,005830,DB손해보험,2026-03-18,189800,13169083200000,2026-03-25,194700,2.58,7,116.6,0.033333
S,internal,S2_PIT_V01,50,005940,NH투자증권,2026-03-18,34200,12186977419800,2026-03-25,34300,0.29,7,116.6,0.033333
S,internal,S2_PIT_V01,51,006260,LS,2026-03-18,282000,8798400000000,2026-03-25,283500,0.53,7,116.6,0.033333
S,internal,S2_PIT_V01,53,006800,미래에셋증권,2026-03-18,69900,39639292806600,2026-03-25,67300,-3.72,7,116.6,0.033333
S,internal,S2_PIT_V01,56,009150,삼성전기,2026-03-18,464000,34657874944000,2026-03-25,454500,-2.05,7,116.6,0.033333
S,internal,S2_PIT_V01,58,009830,한화솔루션,2026-03-18,50800,8732140828800,2026-03-25,45000,-11.42,7,116.6,0.033333
S,internal,S2_PIT_V01,59,010120,LS ELECTRIC,2026-03-18,833000,24990000000000,2026-03-25,844000,1.32,7,116.6,0.033333
S,internal,S2_PIT_V01,61,010170,대한광통신,2026-03-18,7030,927859189800,2026-03-25,9170,30.44,7,116.6,0.033333
S,internal,S2_PIT_V01,62,010950,S-Oil,2026-03-18,110600,12451656795200,2026-03-25,113300,2.44,7,116.6,0.033333
S,internal,S2_PIT_V01,64,012450,한화에어로스페이스,2026-03-18,1390000,71673127390000,2026-03-25,1400000,0.72,7,116.6,0.033333
S,internal,S2_PIT_V01,69,027360,아주IB투자,2026-03-18,7500,908590545000,2026-03-25,8520,13.6,7,116.6,0.033333
S,internal,S2_PIT_V01,3,402340,SK스퀘어,2026-03-25,605000,79912704575000,2026-04-01,501000,-17.19,7,8.595,0.033333
S,internal,S2_PIT_V01,4,017670,SK텔레콤,2026-03-25,79800,17140246229400,2026-04-01,78500,-1.63,7,10.985,0.033333
S,internal,S2_PIT_V01,5,000150,두산,2026-03-25,1250000,20242293750000,2026-04-01,1115000,-10.8,7,11.275,0.033333
S,internal,S2_PIT_V01,6,034020,두산에너빌리티,2026-03-25,102600,65721573579600,2026-04-01,99600,-2.92,7,11.335,0.033333
S,internal,S2_PIT_V01,10,005380,현대차,2026-03-25,501000,102583640766000,2026-04-01,488000,-2.59,7,14.545,0.033333
S,internal,S2_PIT_V01,17,047040,대우건설,2026-03-25,16410,6820367489580,2026-04-01,19430,18.4,7,17.79,0.033333
S,internal,S2_PIT_V01,24,298040,효성중공업,2026-03-25,2990000,27880398520000,2026-04-01,2653000,-11.27,7,20.795,0.033333
S,internal,S2_PIT_V01,28,005930,삼성전자,2026-03-25,189000,1118811567258000,2026-04-01,189600,0.32,7,24.135,0.033333
S,internal,S2_PIT_V01,30,131290,티에스이,2026-03-25,121700,1346175909300,2026-04-01,118800,-2.38,7,58.635,0.033333
S,internal,S2_PIT_V01,31,420770,기가비스,2026-03-25,75500,957019729000,2026-04-01,86800,14.97,7,60.705,0.033333
S,internal,S2_PIT_V01,32,084370,유진테크,2026-03-25,135900,3114290107800,2026-04-01,123700,-8.98,7,60.865,0.033333
S,internal,S2_PIT_V01,37,000250,삼천당제약,2026-03-25,1115000,26155081280000,2026-04-01,744000,-33.27,7,116.6,0.033333
S,internal,S2_PIT_V01,38,000660,SK하이닉스,2026-03-25,995000,709138853175000,2026-04-01,893000,-10.25,7,116.6,0.033333
S,internal,S2_PIT_V01,39,000720,현대건설,2026-03-25,157900,17583075293500,2026-04-01,159900,1.27,7,116.6,0.033333
S,internal,S2_PIT_V01,41,000880,한화,2026-03-25,116700,8747684374500,2026-04-01,113800,-2.49,7,116.6,0.033333
S,internal,S2_PIT_V01,44,003380,하림지주,2026-03-25,15110,1692404933310,2026-04-01,14390,-4.77,7,116.6,0.033333
S,internal,S2_PIT_V01,49,005830,DB손해보험,2026-03-25,194700,13509064800000,2026-04-01,168000,-13.71,7,116.6,0.033333
S,internal,S2_PIT_V01,50,005940,NH투자증권,2026-03-25,34300,12222611856700,2026-04-01,31850,-7.14,7,116.6,0.033333
S,internal,S2_PIT_V01,51,006260,LS,2026-03-25,283500,8845200000000,2026-04-01,278500,-1.76,7,116.6,0.033333
S,internal,S2_PIT_V01,52,006400,삼성SDI,2026-03-25,404000,32556554120000,2026-04-01,432000,6.93,7,116.6,0.033333
S,internal,S2_PIT_V01,53,006800,미래에셋증권,2026-03-25,67300,37372794258400,2026-04-01,66600,-1.04,7,116.6,0.033333
S,internal,S2_PIT_V01,56,009150,삼성전기,2026-03-25,454500,33948284832000,2026-04-01,444500,-2.2,7,116.6,0.033333
S,internal,S2_PIT_V01,58,009830,한화솔루션,2026-03-25,45000,7735164120000,2026-04-01,37550,-16.56,7,116.6,0.033333
S,internal,S2_PIT_V01,59,010120,LS ELECTRIC,2026-03-25,844000,25320000000000,2026-04-01,794000,-5.92,7,116.6,0.033333
S,internal,S2_PIT_V01,61,010170,대한광통신,2026-03-25,9170,1425803502200,2026-04-01,9410,2.62,7,116.6,0.033333
S,internal,S2_PIT_V01,64,012450,한화에어로스페이스,2026-03-25,1400000,72188761400000,2026-04-01,1333000,-4.79,7,116.6,0.033333
S,internal,S2_PIT_V01,69,027360,아주IB투자,2026-03-25,8520,1032158859120,2026-04-01,9370,9.98,7,116.6,0.033333
S,internal,S2_PIT_V01,74,031980,피에스케이홀딩스,2026-03-25,103100,2223082924500,2026-04-01,110600,7.27,7,116.6,0.033333
S,internal,S2_PIT_V01,75,032500,케이엠더블유,2026-03-25,33200,1371275237200,2026-04-01,29200,-12.05,7,116.6,0.033333
S,internal,S2_PIT_V01,76,032820,우리기술,2026-03-25,25850,4422838889700,2026-04-01,22050,-14.7,7,116.6,0.033333
S,internal,S2_PIT_V01,1,298040,효성중공업,2026-04-01,2653000,24738025844000,2026-04-08,2930000,10.44,7,4.935,0.033333
S,internal,S2_PIT_V01,2,402340,SK스퀘어,2026-04-01,501000,66175644615000,2026-04-08,578000,15.37,7,4.97,0.033333
S,internal,S2_PIT_V01,9,005930,삼성전자,2026-04-01,189600,1122363350011200,2026-04-08,210500,11.02,7,11.47,0.033333
S,internal,S2_PIT_V01,11,017670,SK텔레콤,2026-04-01,78500,16861019160500,2026-04-08,89000,13.38,7,13.955,0.033333
S,internal,S2_PIT_V01,22,000150,두산,2026-04-01,1115000,18056126025000,2026-04-08,1204000,7.98,7,18.575,0.033333
S,internal,S2_PIT_V01,23,005380,현대차,2026-04-01,488000,99921789808000,2026-04-08,508000,4.1,7,18.635,0.033333
S,internal,S2_PIT_V01,25,034020,두산에너빌리티,2026-04-01,99600,63799890141600,2026-04-08,101200,1.61,7,21.27,0.033333
S,internal,S2_PIT_V01,27,028050,삼성E&A,2026-04-01,37900,7428400000000,2026-04-08,50500,33.25,7,24.84,0.033333
S,internal,S2_PIT_V01,28,047040,대우건설,2026-04-01,19430,8075547856340,2026-04-08,22550,16.06,7,26.225,0.033333
S,internal,S2_PIT_V01,30,084370,유진테크,2026-04-01,123700,2834714395400,2026-04-08,133600,8.0,7,98.41,0.033333
S,internal,S2_PIT_V01,31,131290,티에스이,2026-04-01,118800,1314097765200,2026-04-08,114900,-3.28,7,99.31,0.033333
S,internal,S2_PIT_V01,32,420770,기가비스,2026-04-01,86800,1100255794400,2026-04-08,81400,-6.22,7,100.39,0.033333
S,internal,S2_PIT_V01,36,000250,삼천당제약,2026-04-01,744000,17452359168000,2026-04-08,485000,-34.81,7,115.375,0.033333
S,internal,S2_PIT_V01,37,000660,SK하이닉스,2026-04-01,893000,636443211945000,2026-04-08,1033000,15.68,7,115.375,0.033333
S,internal,S2_PIT_V01,38,000720,현대건설,2026-04-01,159900,17805786823500,2026-04-08,188700,18.01,7,115.375,0.033333
S,internal,S2_PIT_V01,40,000880,한화,2026-04-01,113800,8530304043000,2026-04-08,123800,8.79,7,115.375,0.033333
S,internal,S2_PIT_V01,41,001440,대한전선,2026-04-01,30050,5602741365000,2026-04-08,31400,4.49,7,115.375,0.033333
S,internal,S2_PIT_V01,43,003380,하림지주,2026-04-01,14390,1611760886190,2026-04-08,13800,-4.1,7,115.375,0.033333
S,internal,S2_PIT_V01,49,005940,NH투자증권,2026-04-01,31850,11349568152650,2026-04-08,33850,6.28,7,115.375,0.033333
S,internal,S2_PIT_V01,50,006260,LS,2026-04-01,278500,8689200000000,2026-04-08,287000,3.05,7,115.375,0.033333
S,internal,S2_PIT_V01,51,006400,삼성SDI,2026-04-01,432000,34812948960000,2026-04-08,471500,9.14,7,115.375,0.033333
S,internal,S2_PIT_V01,52,006800,미래에셋증권,2026-04-01,66600,36984072772800,2026-04-08,67700,1.65,7,115.375,0.033333
S,internal,S2_PIT_V01,55,009150,삼성전기,2026-04-01,444500,33201347872000,2026-04-08,514000,15.64,7,115.375,0.033333
S,internal,S2_PIT_V01,57,009830,한화솔루션,2026-04-01,37550,6454564726800,2026-04-08,40300,7.32,7,115.375,0.033333
S,internal,S2_PIT_V01,58,010120,LS ELECTRIC,2026-04-01,794000,23820000000000,2026-04-08,788000,-0.76,7,115.375,0.033333
S,internal,S2_PIT_V01,60,010170,대한광통신,2026-04-01,9410,1463120060600,2026-04-08,14690,56.11,7,115.375,0.033333
S,internal,S2_PIT_V01,61,010950,S-Oil,2026-04-01,113100,12733113775200,2026-04-08,112100,-0.88,7,115.375,0.033333
S,internal,S2_PIT_V01,63,012450,한화에어로스페이스,2026-04-01,1333000,68734013533000,2026-04-08,1484000,11.33,7,115.375,0.033333
S,internal,S2_PIT_V01,69,027360,아주IB투자,2026-04-01,9370,1135132454220,2026-04-08,9050,-3.42,7,115.375,0.033333
S,internal,S2_PIT_V01,74,031980,피에스케이홀딩스,2026-04-01,110600,2384800887000,2026-04-08,107400,-2.89,7,115.375,0.033333
S,internal,S2_PIT_V01,1,298040,효성중공업,2026-04-08,2930000,27320925640000,2026-04-15,2965000,1.19,7,4.935,0.033333
S,internal,S2_PIT_V01,2,402340,SK스퀘어,2026-04-08,578000,76346352470000,2026-04-15,665000,15.05,7,4.97,0.033333
S,internal,S2_PIT_V01,9,005930,삼성전자,2026-04-08,210500,1246083782581000,2026-04-15,211000,0.24,7,11.47,0.033333
S,internal,S2_PIT_V01,11,017670,SK텔레콤,2026-04-08,89000,19116314717000,2026-04-15,98100,10.22,7,13.955,0.033333
S,internal,S2_PIT_V01,17,011070,LG이노텍,2026-04-08,347000,8212486129000,2026-04-15,383000,10.37,7,16.465,0.033333
S,internal,S2_PIT_V01,20,000270,기아,2026-04-08,159200,62153749281600,2026-04-15,151500,-4.84,7,16.935,0.033333
S,internal,S2_PIT_V01,22,000150,두산,2026-04-08,1204000,19497377340000,2026-04-15,1358000,12.79,7,18.575,0.033333
S,internal,S2_PIT_V01,23,005380,현대차,2026-04-08,508000,104016945128000,2026-04-15,508000,0.0,7,18.635,0.033333
S,internal,S2_PIT_V01,27,028050,삼성E&A,2026-04-08,50500,9898000000000,2026-04-15,52400,3.76,7,24.84,0.033333
S,internal,S2_PIT_V01,28,047040,대우건설,2026-04-08,22550,9372290486900,2026-04-15,28500,26.39,7,26.225,0.033333
S,internal,S2_PIT_V01,30,084370,유진테크,2026-04-08,133600,3061583211200,2026-04-15,128900,-3.52,7,98.41,0.033333
S,internal,S2_PIT_V01,31,131290,티에스이,2026-04-08,114900,1270958192100,2026-04-15,141600,23.24,7,99.31,0.033333
S,internal,S2_PIT_V01,32,420770,기가비스,2026-04-08,81400,1031806701200,2026-04-15,86800,6.63,7,100.39,0.033333
S,internal,S2_PIT_V01,36,000250,삼천당제약,2026-04-08,485000,11376873920000,2026-04-15,555000,14.43,7,115.375,0.033333
S,internal,S2_PIT_V01,37,000660,SK하이닉스,2026-04-08,1033000,736221543045000,2026-04-15,1136000,9.97,7,115.375,0.033333
S,internal,S2_PIT_V01,38,000720,현대건설,2026-04-08,188700,21012832855500,2026-04-15,179100,-5.09,7,115.375,0.033333
S,internal,S2_PIT_V01,40,000880,한화,2026-04-08,123800,9279891393000,2026-04-15,126700,2.34,7,115.375,0.033333
S,internal,S2_PIT_V01,48,005830,DB손해보험,2026-04-08,167800,11642635200000,2026-04-15,164800,-1.79,7,115.375,0.033333
S,internal,S2_PIT_V01,49,005940,NH투자증권,2026-04-08,33850,12062256890650,2026-04-15,35350,4.43,7,115.375,0.033333
S,internal,S2_PIT_V01,50,006260,LS,2026-04-08,287000,8954400000000,2026-04-15,343500,19.69,7,115.375,0.033333
S,internal,S2_PIT_V01,51,006400,삼성SDI,2026-04-08,471500,37996077395000,2026-04-15,471000,-0.11,7,115.375,0.033333
S,internal,S2_PIT_V01,52,006800,미래에셋증권,2026-04-08,67700,37594920821600,2026-04-15,69700,2.95,7,115.375,0.033333
S,internal,S2_PIT_V01,55,009150,삼성전기,2026-04-08,514000,38392559744000,2026-04-15,614000,19.46,7,115.375,0.033333
S,internal,S2_PIT_V01,57,009830,한화솔루션,2026-04-08,40300,6927269200800,2026-04-15,42400,5.21,7,115.375,0.033333
S,internal,S2_PIT_V01,58,010120,LS ELECTRIC,2026-04-08,788000,23640000000000,2026-04-15,186800,-76.29,7,115.375,0.033333
S,internal,S2_PIT_V01,60,010170,대한광통신,2026-04-08,14690,2284084345400,2026-04-15,19800,34.79,7,115.375,0.033333
S,internal,S2_PIT_V01,61,010950,S-Oil,2026-04-08,112100,12620530983200,2026-04-15,117500,4.82,7,115.375,0.033333
S,internal,S2_PIT_V01,63,012450,한화에어로스페이스,2026-04-08,1484000,76520087084000,2026-04-15,1509000,1.68,7,115.375,0.033333
S,internal,S2_PIT_V01,65,016360,삼성증권,2026-04-08,104400,9322920000000,2026-04-15,111100,6.42,7,115.375,0.033333
S,internal,S2_PIT_V01,69,027360,아주IB투자,2026-04-08,9050,1096365924300,2026-04-15,12100,33.7,7,115.375,0.033333
S,internal,S2_PIT_V01,1,298040,효성중공업,2026-04-15,2965000,27647284820000,2026-04-22,3084000,4.01,7,4.935,0.033333
S,internal,S2_PIT_V01,2,402340,SK스퀘어,2026-04-15,665000,87837931475000,2026-04-22,720000,8.27,7,4.97,0.033333
S,internal,S2_PIT_V01,9,005930,삼성전자,2026-04-15,211000,1233564786288000,2026-04-22,217500,3.08,7,11.47,0.033333
S,internal,S2_PIT_V01,11,017670,SK텔레콤,2026-04-15,98100,21070904199300,2026-04-22,100300,2.24,7,13.955,0.033333
S,internal,S2_PIT_V01,17,011070,LG이노텍,2026-04-15,383000,9064501981000,2026-04-22,500000,30.55,7,16.465,0.033333
S,internal,S2_PIT_V01,18,066570,LG전자,2026-04-15,122200,19904716491400,2026-04-22,132800,8.67,7,16.54,0.033333
S,internal,S2_PIT_V01,22,000150,두산,2026-04-15,1358000,21991227930000,2026-04-22,1438000,5.89,7,18.575,0.033333
S,internal,S2_PIT_V01,23,005380,현대차,2026-04-15,508000,104016945128000,2026-04-22,541000,6.5,7,18.635,0.033333
S,internal,S2_PIT_V01,27,028050,삼성E&A,2026-04-15,52400,10270400000000,2026-04-22,50600,-3.44,7,24.84,0.033333
S,internal,S2_PIT_V01,28,047040,대우건설,2026-04-15,28500,11710867683000,2026-04-22,32550,14.21,7,26.225,0.033333
S,internal,S2_PIT_V01,30,084370,유진테크,2026-04-15,128900,2953877813800,2026-04-22,134600,4.42,7,98.41,0.033333
S,internal,S2_PIT_V01,31,131290,티에스이,2026-04-15,141600,1566298346400,2026-04-22,169300,19.56,7,99.31,0.033333
S,internal,S2_PIT_V01,32,420770,기가비스,2026-04-15,86800,1100255794400,2026-04-22,93500,7.72,7,100.39,0.033333
S,internal,S2_PIT_V01,36,000250,삼천당제약,2026-04-15,555000,13018896960000,2026-04-22,403000,-27.39,7,115.375,0.033333
S,internal,S2_PIT_V01,37,000660,SK하이닉스,2026-04-15,1136000,809629886640000,2026-04-22,1223000,7.66,7,115.375,0.033333
S,internal,S2_PIT_V01,38,000720,현대건설,2026-04-15,179100,19943817511500,2026-04-22,168800,-5.75,7,115.375,0.033333
S,internal,S2_PIT_V01,41,001440,대한전선,2026-04-15,41250,7690951125000,2026-04-22,41050,-0.48,7,115.375,0.033333
S,internal,S2_PIT_V01,46,005290,동진쎄미켐,2026-04-15,56500,2904918911000,2026-04-22,60400,6.9,7,115.375,0.033333
S,internal,S2_PIT_V01,48,005830,DB손해보험,2026-04-15,164800,11434483200000,2026-04-22,172100,4.43,7,115.375,0.033333
S,internal,S2_PIT_V01,49,005940,NH투자증권,2026-04-15,35350,12596773444150,2026-04-22,35600,0.71,7,115.375,0.033333
S,internal,S2_PIT_V01,50,006260,LS,2026-04-15,343500,10717200000000,2026-04-22,355000,3.35,7,115.375,0.033333
S,internal,S2_PIT_V01,51,006400,삼성SDI,2026-04-15,471000,37955784630000,2026-04-22,659000,39.92,7,115.375,0.033333
S,internal,S2_PIT_V01,52,006800,미래에셋증권,2026-04-15,69700,38705553637600,2026-04-22,69100,-0.86,7,115.375,0.033333
S,internal,S2_PIT_V01,55,009150,삼성전기,2026-04-15,614000,45861929344000,2026-04-22,812000,32.25,7,115.375,0.033333
S,internal,S2_PIT_V01,57,009830,한화솔루션,2026-04-15,42400,7288243526400,2026-04-22,47550,12.15,7,115.375,0.033333
S,internal,S2_PIT_V01,59,010130,고려아연,2026-04-15,1660000,34649128540000,2026-04-22,1698000,2.29,7,115.375,0.033333
S,internal,S2_PIT_V01,60,010170,대한광통신,2026-04-15,19800,3078616068000,2026-04-22,15220,-23.13,7,115.375,0.033333
S,internal,S2_PIT_V01,61,010950,S-Oil,2026-04-15,117500,13228478060000,2026-04-22,114100,-2.89,7,115.375,0.033333
S,internal,S2_PIT_V01,65,016360,삼성증권,2026-04-15,111100,9921230000000,2026-04-22,109400,-1.53,7,115.375,0.033333
S,internal,S2_PIT_V01,69,027360,아주IB투자,2026-04-15,12100,1465859412600,2026-04-22,14150,16.94,7,115.375,0.033333
S,internal,S2_PIT_V01,2,402340,SK스퀘어,2026-04-22,720000,95010037920000,2026-04-29,830000,15.28,7,4.97,0.033333
S,internal,S2_PIT_V01,7,000990,DB하이텍,2026-04-22,127900,5564236805200,2026-04-29,152600,19.31,7,10.845,0.033333
S,internal,S2_PIT_V01,9,005930,삼성전자,2026-04-22,217500,1271565597240000,2026-04-29,226000,3.91,7,11.47,0.033333
S,internal,S2_PIT_V01,11,017670,SK텔레콤,2026-04-22,100300,21543442315900,2026-04-29,95600,-4.69,7,13.955,0.033333
S,internal,S2_PIT_V01,17,011070,LG이노텍,2026-04-22,500000,11833553500000,2026-04-29,592000,18.4,7,16.465,0.033333
S,internal,S2_PIT_V01,22,000150,두산,2026-04-22,1438000,23286734730000,2026-04-29,1572000,9.32,7,18.575,0.033333
S,internal,S2_PIT_V01,27,028050,삼성E&A,2026-04-22,50600,9917600000000,2026-04-29,54300,7.31,7,24.84,0.033333
S,internal,S2_PIT_V01,28,047040,대우건설,2026-04-22,32550,13375043616900,2026-04-29,36900,13.36,7,26.225,0.033333
S,internal,S2_PIT_V01,30,084370,유진테크,2026-04-22,134600,3084499253200,2026-04-29,140000,4.01,7,98.41,0.033333
S,internal,S2_PIT_V01,31,131290,티에스이,2026-04-22,169300,1872699929700,2026-04-29,168800,-0.3,7,99.31,0.033333
S,internal,S2_PIT_V01,32,420770,기가비스,2026-04-22,93500,1185183373000,2026-04-29,109100,16.68,7,100.39,0.033333
S,internal,S2_PIT_V01,37,000660,SK하이닉스,2026-04-22,1223000,871634992395000,2026-04-29,1293000,5.72,7,115.375,0.033333
S,internal,S2_PIT_V01,38,000720,현대건설,2026-04-22,168800,18796853132000,2026-04-29,168600,-0.12,7,115.375,0.033333
S,internal,S2_PIT_V01,41,001440,대한전선,2026-04-22,41050,7653661665000,2026-04-29,51200,24.73,7,115.375,0.033333
S,internal,S2_PIT_V01,46,005290,동진쎄미켐,2026-04-22,60400,3105435437600,2026-04-29,58400,-3.31,7,115.375,0.033333
S,internal,S2_PIT_V01,48,005830,DB손해보험,2026-04-22,172100,11272610062900,2026-04-29,172200,0.06,7,115.375,0.033333
S,internal,S2_PIT_V01,49,005940,NH투자증권,2026-04-22,35600,12685859536400,2026-04-29,34600,-2.81,7,115.375,0.033333
S,internal,S2_PIT_V01,50,006260,LS,2026-04-22,355000,11076000000000,2026-04-29,418500,17.89,7,115.375,0.033333
S,internal,S2_PIT_V01,51,006400,삼성SDI,2026-04-22,659000,53105864270000,2026-04-29,712000,8.04,7,115.375,0.033333
S,internal,S2_PIT_V01,52,006800,미래에셋증권,2026-04-22,69100,38666071408000,2026-04-29,67700,-2.03,7,115.375,0.033333
S,internal,S2_PIT_V01,54,007660,이수페타시스,2026-04-22,161400,11848247946600,2026-04-29,146000,-9.54,7,115.375,0.033333
S,internal,S2_PIT_V01,55,009150,삼성전기,2026-04-22,812000,60651281152000,2026-04-29,827000,1.85,7,115.375,0.033333
S,internal,S2_PIT_V01,57,009830,한화솔루션,2026-04-22,47550,8173490086800,2026-04-29,47950,0.84,7,115.375,0.033333
S,internal,S2_PIT_V01,60,010170,대한광통신,2026-04-22,15220,2366491745200,2026-04-29,15070,-0.99,7,115.375,0.033333
S,internal,S2_PIT_V01,69,027360,아주IB투자,2026-04-22,14150,1714207494900,2026-04-29,16580,17.17,7,115.375,0.033333
S,internal,S2_PIT_V01,74,031980,피에스케이홀딩스,2026-04-22,114600,2471050467000,2026-04-29,130400,13.79,7,115.375,0.033333
S,internal,S2_PIT_V01,75,032500,케이엠더블유,2026-04-22,31350,1300774043250,2026-04-29,29750,-5.1,7,115.375,0.033333
S,internal,S2_PIT_V01,76,032820,우리기술,2026-04-22,22050,3772673018100,2026-04-29,22300,1.13,7,115.375,0.033333
S,internal,S2_PIT_V01,77,032830,삼성생명,2026-04-22,247500,49500000000000,2026-04-29,252000,1.82,7,115.375,0.033333
S,internal,S2_PIT_V01,85,036540,SFA반도체,2026-04-22,7860,1292657981580,2026-04-29,8620,9.67,7,115.375,0.033333
S,internal,S2_PIT_V01,1,298040,효성중공업,2026-04-29,3982000,37130350136000,2026-05-06,4597000,15.44,7,4.935,0.033333
S,internal,S2_PIT_V01,2,402340,SK스퀘어,2026-04-29,830000,109525460380000,2026-05-06,1089000,31.2,7,4.97,0.033333
S,internal,S2_PIT_V01,7,000990,DB하이텍,2026-04-29,152600,6638800128800,2026-05-06,162000,6.16,7,10.845,0.033333
S,internal,S2_PIT_V01,8,082740,한화엔진,2026-04-29,87700,7318314353400,2026-05-06,84500,-3.65,7,10.855,0.033333
S,internal,S2_PIT_V01,9,005930,삼성전자,2026-04-29,226000,1321258965408000,2026-05-06,266000,17.7,7,11.47,0.033333
S,internal,S2_PIT_V01,11,017670,SK텔레콤,2026-04-29,95600,20533929066800,2026-05-06,95500,-0.1,7,13.955,0.033333
S,internal,S2_PIT_V01,17,011070,LG이노텍,2026-04-29,592000,14010927344000,2026-05-06,632000,6.76,7,16.465,0.033333
S,internal,S2_PIT_V01,22,000150,두산,2026-04-29,1572000,25456708620000,2026-05-06,1790000,13.87,7,18.575,0.033333
S,internal,S2_PIT_V01,25,034020,두산에너빌리티,2026-04-29,129200,82760500063200,2026-05-06,127000,-1.7,7,21.27,0.033333
S,internal,S2_PIT_V01,27,028050,삼성E&A,2026-04-29,54300,10642800000000,2026-05-06,53000,-2.39,7,24.84,0.033333
S,internal,S2_PIT_V01,28,047040,대우건설,2026-04-29,36900,15162491842200,2026-05-06,32200,-12.74,7,26.225,0.033333
S,internal,S2_PIT_V01,30,084370,유진테크,2026-04-29,140000,3208245880000,2026-05-06,138700,-0.93,7,98.41,0.033333
S,internal,S2_PIT_V01,31,131290,티에스이,2026-04-29,168800,1867169215200,2026-05-06,170100,0.77,7,99.31,0.033333
S,internal,S2_PIT_V01,32,420770,기가비스,2026-04-29,109100,1382925197800,2026-05-06,103400,-5.22,7,100.39,0.033333
S,internal,S2_PIT_V01,36,000250,삼천당제약,2026-04-29,443000,10391660096000,2026-05-06,406000,-8.35,7,115.375,0.033333
S,internal,S2_PIT_V01,37,000660,SK하이닉스,2026-04-29,1293000,921524157945000,2026-05-06,1601000,23.82,7,115.375,0.033333
S,internal,S2_PIT_V01,38,000720,현대건설,2026-04-29,168600,18774581979000,2026-05-06,163700,-2.91,7,115.375,0.033333
S,internal,S2_PIT_V01,41,001440,대한전선,2026-04-29,51200,9546101760000,2026-05-06,69200,35.16,7,115.375,0.033333
S,internal,S2_PIT_V01,46,005290,동진쎄미켐,2026-04-29,58400,3002606449600,2026-05-06,59100,1.2,7,115.375,0.033333
S,internal,S2_PIT_V01,49,005940,NH투자증권,2026-04-29,34600,12329515167400,2026-05-06,38450,11.13,7,115.375,0.033333
S,internal,S2_PIT_V01,50,006260,LS,2026-04-29,418500,13057200000000,2026-05-06,531000,26.88,7,115.375,0.033333
S,internal,S2_PIT_V01,51,006400,삼성SDI,2026-04-29,712000,57376897360000,2026-05-06,698000,-1.97,7,115.375,0.033333
S,internal,S2_PIT_V01,52,006800,미래에셋증권,2026-04-29,67700,37882677776000,2026-05-06,83800,23.78,7,115.375,0.033333
S,internal,S2_PIT_V01,55,009150,삼성전기,2026-04-29,827000,61771686592000,2026-05-06,912000,10.28,7,115.375,0.033333
S,internal,S2_PIT_V01,57,009830,한화솔루션,2026-04-29,47950,8242247101200,2026-05-06,48100,0.31,7,115.375,0.033333
S,internal,S2_PIT_V01,60,010170,대한광통신,2026-04-29,15070,2343168896200,2026-05-06,18270,21.23,7,115.375,0.033333
S,internal,S2_PIT_V01,69,027360,아주IB투자,2026-04-29,16580,2008590831480,2026-05-06,15570,-6.09,7,115.375,0.033333
S,internal,S2_PIT_V01,74,031980,피에스케이홀딩스,2026-04-29,130400,2811736308000,2026-05-06,127600,-2.15,7,115.375,0.033333
S,internal,S2_PIT_V01,75,032500,케이엠더블유,2026-04-29,29750,1254107531250,2026-05-06,30750,3.36,7,115.375,0.033333
S,internal,S2_PIT_V01,76,032820,우리기술,2026-04-29,22300,3815447088600,2026-05-06,21250,-4.71,7,115.375,0.033333
S,internal,S2_PIT_V01,1,298040,효성중공업,2026-05-06,4597000,42864947156000,2026-05-13,4197000,-8.7,7,4.935,0.033333
S,internal,S2_PIT_V01,2,402340,SK스퀘어,2026-05-06,1089000,143702682354000,2026-05-13,1190000,9.27,7,4.97,0.033333
S,internal,S2_PIT_V01,7,000990,DB하이텍,2026-05-06,162000,7047743256000,2026-05-13,185600,14.57,7,10.845,0.033333
S,internal,S2_PIT_V01,8,082740,한화엔진,2026-05-06,84500,7051283499000,2026-05-13,78800,-6.75,7,10.855,0.033333
S,internal,S2_PIT_V01,9,005930,삼성전자,2026-05-06,266000,1555110109728000,2026-05-13,284000,6.77,7,11.47,0.033333
S,internal,S2_PIT_V01,11,017670,SK텔레콤,2026-05-06,95500,20512450061500,2026-05-13,105800,10.79,7,13.955,0.033333
S,internal,S2_PIT_V01,17,011070,LG이노텍,2026-05-06,632000,14957611624000,2026-05-13,753000,19.15,7,16.465,0.033333
S,internal,S2_PIT_V01,18,066570,LG전자,2026-05-06,154900,25231101346300,2026-05-13,191400,23.56,7,16.54,0.033333
S,internal,S2_PIT_V01,22,000150,두산,2026-05-06,1790000,28986964650000,2026-05-13,1682000,-6.03,7,18.575,0.033333
S,internal,S2_PIT_V01,25,034020,두산에너빌리티,2026-05-06,127000,81351265542000,2026-05-13,120000,-5.51,7,21.27,0.033333
S,internal,S2_PIT_V01,27,028050,삼성E&A,2026-05-06,53000,10388000000000,2026-05-13,53000,0.0,7,24.84,0.033333
S,internal,S2_PIT_V01,28,047040,대우건설,2026-05-06,32200,13231225943600,2026-05-13,28950,-10.09,7,26.225,0.033333
S,internal,S2_PIT_V01,30,084370,유진테크,2026-05-06,138700,3178455025400,2026-05-13,133600,-3.68,7,98.41,0.033333
S,internal,S2_PIT_V01,31,131290,티에스이,2026-05-06,170100,1881549072900,2026-05-13,189500,11.41,7,99.31,0.033333
S,internal,S2_PIT_V01,32,420770,기가비스,2026-05-06,103400,1310673377200,2026-05-13,127100,22.92,7,100.39,0.033333
S,internal,S2_PIT_V01,37,000660,SK하이닉스,2026-05-06,1601000,1141036486365000,2026-05-13,1976000,23.42,7,115.375,0.033333
S,internal,S2_PIT_V01,38,000720,현대건설,2026-05-06,163700,18228938730500,2026-05-13,160700,-1.83,7,115.375,0.033333
S,internal,S2_PIT_V01,41,001440,대한전선,2026-05-06,69200,12902153160000,2026-05-13,65400,-5.49,7,115.375,0.033333
S,internal,S2_PIT_V01,46,005290,동진쎄미켐,2026-05-06,59100,3038596595400,2026-05-13,57700,-2.37,7,115.375,0.033333
S,internal,S2_PIT_V01,47,005490,POSCO홀딩스,2026-05-06,506000,40096212662000,2026-05-13,478500,-5.43,7,115.375,0.033333
S,internal,S2_PIT_V01,49,005940,NH투자증권,2026-05-06,38450,13701440988050,2026-05-13,33550,-12.74,7,115.375,0.033333
S,internal,S2_PIT_V01,50,006260,LS,2026-05-06,531000,16567200000000,2026-05-13,517000,-2.64,7,115.375,0.033333
S,internal,S2_PIT_V01,51,006400,삼성SDI,2026-05-06,698000,56248699940000,2026-05-13,634000,-9.17,7,115.375,0.033333
S,internal,S2_PIT_V01,52,006800,미래에셋증권,2026-05-06,83800,46891704544000,2026-05-13,72900,-13.01,7,115.375,0.033333
S,internal,S2_PIT_V01,55,009150,삼성전기,2026-05-06,912000,68120650752000,2026-05-13,1029000,12.83,7,115.375,0.033333
S,internal,S2_PIT_V01,57,009830,한화솔루션,2026-05-06,48100,8268030981600,2026-05-13,43150,-10.29,7,115.375,0.033333
S,internal,S2_PIT_V01,60,010170,대한광통신,2026-05-06,18270,2840723008200,2026-05-13,24750,35.47,7,115.375,0.033333
S,internal,S2_PIT_V01,65,016360,삼성증권,2026-05-06,149500,13350350000000,2026-05-13,127900,-14.45,7,115.375,0.033333
S,internal,S2_PIT_V01,69,027360,아주IB투자,2026-05-06,15570,1886233971420,2026-05-13,15710,0.9,7,115.375,0.033333
S,internal,S2_PIT_V01,74,031980,피에스케이홀딩스,2026-05-06,127600,2751361602000,2026-05-13,134800,5.64,7,115.375,0.033333
S,internal,S2_PIT_V01,1,298040,효성중공업,2026-05-13,4197000,39135127956000,2026-05-15,3745000,-10.77,2,4.935,0.033333
S,internal,S2_PIT_V01,2,402340,SK스퀘어,2026-05-13,1190000,157030479340000,2026-05-15,1098000,-7.73,2,4.97,0.033333
S,internal,S2_PIT_V01,6,003550,LG,2026-05-13,108700,16763886289500,2026-05-15,126000,15.92,2,10.12,0.033333
S,internal,S2_PIT_V01,7,000990,DB하이텍,2026-05-13,185600,8074451532800,2026-05-15,163500,-11.91,2,10.845,0.033333
S,internal,S2_PIT_V01,8,082740,한화엔진,2026-05-13,78800,6575634789600,2026-05-15,71600,-9.14,2,10.855,0.033333
S,internal,S2_PIT_V01,9,005930,삼성전자,2026-05-13,284000,1660343124672000,2026-05-15,270500,-4.75,2,11.47,0.033333
S,internal,S2_PIT_V01,11,017670,SK텔레콤,2026-05-13,105800,22724787607400,2026-05-15,101300,-4.25,2,13.955,0.033333
S,internal,S2_PIT_V01,12,051910,LG화학,2026-05-13,387500,27354532912500,2026-05-15,374000,-3.48,2,14.61,0.033333
S,internal,S2_PIT_V01,14,012330,현대모비스,2026-05-13,649000,58885446367000,2026-05-15,629000,-3.08,2,15.58,0.033333
S,internal,S2_PIT_V01,17,011070,LG이노텍,2026-05-13,753000,17821331571000,2026-05-15,732000,-2.79,2,16.465,0.033333
S,internal,S2_PIT_V01,18,066570,LG전자,2026-05-13,191400,31176454471800,2026-05-15,240500,25.65,2,16.54,0.033333
S,internal,S2_PIT_V01,22,000150,두산,2026-05-13,1682000,27238030470000,2026-05-15,1614000,-4.04,2,18.575,0.033333
S,internal,S2_PIT_V01,23,005380,현대차,2026-05-13,710000,145378013860000,2026-05-15,700000,-1.41,2,18.635,0.033333
S,internal,S2_PIT_V01,25,034020,두산에너빌리티,2026-05-13,120000,76867337520000,2026-05-15,110800,-7.67,2,21.27,0.033333
S,internal,S2_PIT_V01,27,028050,삼성E&A,2026-05-13,53000,10388000000000,2026-05-15,50600,-4.53,2,24.84,0.033333
S,internal,S2_PIT_V01,28,047040,대우건설,2026-05-13,28950,11895776120100,2026-05-15,28500,-1.55,2,26.225,0.033333
S,internal,S2_PIT_V01,30,084370,유진테크,2026-05-13,133600,3061583211200,2026-05-15,117400,-12.13,2,98.41,0.033333
S,internal,S2_PIT_V01,31,131290,티에스이,2026-05-13,189500,2096140795500,2026-05-15,181500,-4.22,2,99.31,0.033333
S,internal,S2_PIT_V01,32,420770,기가비스,2026-05-13,127100,1611088841800,2026-05-15,119800,-5.74,2,100.39,0.033333
S,internal,S2_PIT_V01,37,000660,SK하이닉스,2026-05-13,1976000,1408299873240000,2026-05-15,1819000,-7.95,2,115.375,0.033333
S,internal,S2_PIT_V01,38,000720,현대건설,2026-05-13,160700,17894871435500,2026-05-15,155000,-3.55,2,115.375,0.033333
S,internal,S2_PIT_V01,40,000880,한화,2026-05-13,140700,9920464203300,2026-05-15,141400,0.5,2,115.375,0.033333
S,internal,S2_PIT_V01,41,001440,대한전선,2026-05-13,65400,12193653420000,2026-05-15,60000,-8.26,2,115.375,0.033333
S,internal,S2_PIT_V01,47,005490,POSCO홀딩스,2026-05-13,478500,37917070669500,2026-05-15,467500,-2.3,2,115.375,0.033333
S,internal,S2_PIT_V01,49,005940,NH투자증권,2026-05-13,33550,11955353579950,2026-05-15,32550,-2.98,2,115.375,0.033333
S,internal,S2_PIT_V01,50,006260,LS,2026-05-13,517000,16130400000000,2026-05-15,472500,-8.61,2,115.375,0.033333
S,internal,S2_PIT_V01,51,006400,삼성SDI,2026-05-13,634000,51091226020000,2026-05-15,614000,-3.15,2,115.375,0.033333
S,internal,S2_PIT_V01,52,006800,미래에셋증권,2026-05-13,72900,40792425552000,2026-05-15,69900,-4.12,2,115.375,0.033333
S,internal,S2_PIT_V01,55,009150,삼성전기,2026-05-13,1029000,76859813184000,2026-05-15,1010000,-1.85,2,115.375,0.033333
S,internal,S2_PIT_V01,57,009830,한화솔루션,2026-05-13,43150,7417162928400,2026-05-15,40600,-5.91,2,115.375,0.033333
S,internal,S3,1,440110,파두,2026-03-04,54500,2725574266500,2026-03-11,63200,15.96,7,0.807525,0.05
S,internal,S3,2,095340,ISC,2026-03-04,163900,3474197806200,2026-03-11,174400,6.41,7,0.767499,0.05
S,internal,S3,3,032820,우리기술,2026-03-04,12760,2128030549040,2026-03-11,22700,77.9,7,0.753195,0.05
S,internal,S3,4,347700,스피어,2026-03-04,35300,1665684297200,2026-03-11,50900,44.19,7,0.741777,0.05
S,internal,S3,5,126340,비나텍,2026-03-04,105200,,2026-03-11,147500,40.21,7,0.723011,0.05
S,internal,S3,6,003380,하림지주,2026-03-04,13400,1500875321400,2026-03-11,15880,18.51,7,0.702801,0.05
S,internal,S3,7,189300,인텔리안테크,2026-03-04,100000,1073749700000,2026-03-11,140100,40.1,7,0.67931,0.05
S,internal,S3,8,080220,제주반도체,2026-03-04,36850,1269218396050,2026-03-11,43450,17.91,7,0.678654,0.05
S,internal,S3,9,094170,동운아나텍,2026-03-04,24850,,2026-03-11,28800,15.9,7,0.663037,0.05
S,internal,S3,10,174900,앱클론,2026-03-04,52600,,2026-03-11,73000,38.78,7,0.658706,0.05
S,internal,S3,11,950160,코오롱티슈진,2026-03-04,91100,,2026-03-11,98800,8.45,7,0.656082,0.05
S,internal,S3,12,323280,태성,2026-03-04,59600,1820063608000,2026-03-11,76900,29.03,7,0.643877,0.05
S,internal,S3,13,102940,코오롱생명과학,2026-03-04,50500,,2026-03-11,57100,13.07,7,0.634034,0.05
S,internal,S3,14,086520,에코프로,2026-03-04,133800,18166849137600,2026-03-11,161600,20.78,7,0.578654,0.05
S,internal,S3,15,030530,원익홀딩스,2026-03-04,26550,2050668395550,2026-03-11,32350,21.85,7,0.564874,0.05
S,internal,S3,16,466100,클로봇,2026-03-04,50800,1269600661200,2026-03-11,58200,14.57,7,0.55162,0.05
S,internal,S3,17,319400,현대무벡스,2026-03-04,25500,2840088994500,2026-03-11,32550,27.65,7,0.540202,0.05
S,internal,S3,18,108490,로보티즈,2026-03-04,207500,3040441060000,2026-03-11,249000,20.0,7,0.536134,0.05
S,internal,S3,19,058610,에스피지,2026-03-04,108400,2404025824000,2026-03-11,131200,21.03,7,0.533378,0.05
S,internal,S3,20,437730,삼현,2026-03-04,42800,1357083867600,2026-03-11,51700,20.79,7,0.521305,0.05
S,internal,S3,1,218410,RFHIC,2026-03-11,89600,2379188403200,2026-03-18,78300,-12.61,7,0.87919,0.05
S,internal,S3,2,032820,우리기술,2026-03-11,22700,3785759675800,2026-03-18,29300,29.07,7,0.877878,0.05
S,internal,S3,3,376900,로킷헬스케어,2026-03-11,97000,1519164433000,2026-03-18,128700,32.68,7,0.876041,0.05
S,internal,S3,4,052020,에스티큐브,2026-03-11,13400,910976099400,2026-03-18,16300,21.64,7,0.868823,0.05
S,internal,S3,5,015750,성우하이텍,2026-03-11,10650,,2026-03-18,9610,-9.77,7,0.86108,0.05
S,internal,S3,6,295310,에이치브이엠,2026-03-11,108800,,2026-03-18,96600,-11.21,7,0.860424,0.05
S,internal,S3,7,189300,인텔리안테크,2026-03-11,140100,1504323329700,2026-03-18,127400,-9.06,7,0.857012,0.05
S,internal,S3,8,126340,비나텍,2026-03-11,147500,,2026-03-18,135600,-8.07,7,0.853468,0.05
S,internal,S3,9,174900,앱클론,2026-03-11,73000,,2026-03-18,81000,10.96,7,0.809768,0.05
S,internal,S3,10,440110,파두,2026-03-11,63200,3160665938400,2026-03-18,62500,-1.11,7,0.800188,0.05
S,internal,S3,11,347700,스피어,2026-03-11,50900,2401794071600,2026-03-18,48750,-4.22,7,0.792314,0.05
S,internal,S3,12,095340,ISC,2026-03-11,174400,3696766915200,2026-03-18,230000,31.88,7,0.76751,0.05
S,internal,S3,13,323280,태성,2026-03-11,76900,2348370662000,2026-03-18,70200,-8.71,7,0.723941,0.05
S,internal,S3,14,950160,코오롱티슈진,2026-03-11,98800,,2026-03-18,100700,1.92,7,0.666723,0.05
S,internal,S3,15,319400,현대무벡스,2026-03-11,32550,3625290069450,2026-03-18,30900,-5.07,7,0.651369,0.05
S,internal,S3,16,080220,제주반도체,2026-03-11,43450,1496541093850,2026-03-18,44300,1.96,7,0.628534,0.05
S,internal,S3,17,003380,하림지주,2026-03-11,15880,1778649261480,2026-03-18,15760,-0.76,7,0.61528,0.05
S,internal,S3,18,086520,에코프로,2026-03-11,161600,21941426163200,2026-03-18,154000,-4.7,7,0.59192,0.05
S,internal,S3,19,058610,에스피지,2026-03-11,131200,2909669632000,2026-03-18,127500,-2.82,7,0.57381,0.05
S,internal,S3,20,102940,코오롱생명과학,2026-03-11,57100,,2026-03-18,61100,7.01,7,0.530503,0.05
S,internal,S3,1,032820,우리기술,2026-03-18,29300,4954177227100,2026-03-25,25850,-11.77,7,0.906596,0.05
S,internal,S3,2,376900,로킷헬스케어,2026-03-18,128700,2025575709300,2026-03-25,120300,-6.53,7,0.903318,0.05
S,internal,S3,3,174900,앱클론,2026-03-18,81000,,2026-03-25,66900,-17.41,7,0.820129,0.05
S,internal,S3,4,218410,RFHIC,2026-03-18,78300,2079134508600,2026-03-25,88600,13.15,7,0.784327,0.05
S,internal,S3,5,295310,에이치브이엠,2026-03-18,96600,,2026-03-25,112100,16.05,7,0.779715,0.05
S,internal,S3,6,015750,성우하이텍,2026-03-18,9610,,2026-03-25,9240,-3.85,7,0.759739,0.05
S,internal,S3,7,126340,비나텍,2026-03-18,135600,,2026-03-25,116600,-14.01,7,0.757638,0.05
S,internal,S3,8,095340,ISC,2026-03-18,230000,4875323340000,2026-03-25,250000,8.7,7,0.741134,0.05
S,internal,S3,9,950160,코오롱티슈진,2026-03-18,100700,,2026-03-25,102300,1.59,7,0.7238,0.05
S,internal,S3,10,052020,에스티큐브,2026-03-18,16300,1108127643300,2026-03-25,17920,9.94,7,0.715936,0.05
S,internal,S3,11,102940,코오롱생명과학,2026-03-18,61100,,2026-03-25,58000,-5.07,7,0.703746,0.05
S,internal,S3,12,003380,하림지주,2026-03-18,15760,1765208586960,2026-03-25,15110,-4.12,7,0.684372,0.05
S,internal,S3,13,189300,인텔리안테크,2026-03-18,127400,1367957117800,2026-03-25,133200,4.55,7,0.663422,0.05
S,internal,S3,14,440110,파두,2026-03-18,62500,3125658562500,2026-03-25,54700,-12.48,7,0.655837,0.05
S,internal,S3,15,347700,스피어,2026-03-18,48750,2300343045000,2026-03-25,46150,-5.33,7,0.653679,0.05
S,internal,S3,16,080220,제주반도체,2026-03-18,44300,1525817501900,2026-03-25,43950,-0.79,7,0.641083,0.05
S,internal,S3,17,323280,태성,2026-03-18,70200,2143766196000,2026-03-25,59000,-15.95,7,0.630012,0.05
S,internal,S3,18,319400,현대무벡스,2026-03-18,30900,3441519605100,2026-03-25,28000,-9.39,7,0.54149,0.05
S,internal,S3,19,086520,에코프로,2026-03-18,154000,20909527408000,2026-03-25,151300,-1.75,7,0.504357,0.05
S,internal,S3,20,058610,에스피지,2026-03-18,127500,2827613400000,2026-03-25,114800,-9.96,7,0.467064,0.05
S,internal,S3,1,295310,에이치브이엠,2026-03-25,112100,,2026-04-01,91500,-18.38,7,0.933589,0.05
S,internal,S3,2,218410,RFHIC,2026-03-25,88600,2352634961200,2026-04-01,94200,6.32,7,0.883858,0.05
S,internal,S3,3,174900,앱클론,2026-03-25,66900,,2026-04-01,60700,-9.27,7,0.844505,0.05
S,internal,S3,4,950160,코오롱티슈진,2026-03-25,102300,,2026-04-01,108500,6.06,7,0.821557,0.05
S,internal,S3,5,095340,ISC,2026-03-25,250000,5299264500000,2026-04-01,264000,5.6,7,0.779607,0.05
S,internal,S3,6,102940,코오롱생명과학,2026-03-25,58000,,2026-04-01,59000,1.72,7,0.769129,0.05
S,internal,S3,7,052020,에스티큐브,2026-03-25,17920,1218260574720,2026-04-01,17400,-2.9,7,0.762758,0.05
S,internal,S3,8,015750,성우하이텍,2026-03-25,9240,,2026-04-01,8900,-3.68,7,0.755612,0.05
S,internal,S3,9,376900,로킷헬스케어,2026-03-25,120300,1893370301700,2026-04-01,147900,22.94,7,0.743254,0.05
S,internal,S3,10,032820,우리기술,2026-03-25,25850,4422838889700,2026-04-01,22050,-14.7,7,0.731055,0.05
S,internal,S3,11,189300,인텔리안테크,2026-03-25,133200,1430234600400,2026-04-01,119500,-10.29,7,0.723677,0.05
S,internal,S3,12,347700,스피어,2026-03-25,46150,2276034376200,2026-04-01,49200,6.61,7,0.701752,0.05
S,internal,S3,13,126340,비나텍,2026-03-25,116600,,2026-04-01,119500,2.49,7,0.653838,0.05
S,internal,S3,14,440110,파두,2026-03-25,54700,2735576373900,2026-04-01,53000,-3.11,7,0.625777,0.05
S,internal,S3,15,080220,제주반도체,2026-03-25,43950,1513762510350,2026-04-01,39100,-11.04,7,0.59354,0.05
S,internal,S3,16,058610,에스피지,2026-03-25,114800,2545960928000,2026-04-01,111500,-2.87,7,0.537262,0.05
S,internal,S3,17,003380,하림지주,2026-03-25,15110,1692404933310,2026-04-01,14390,-4.77,7,0.534967,0.05
S,internal,S3,18,323280,태성,2026-03-25,59000,1801740820000,2026-04-01,56400,-4.41,7,0.524941,0.05
S,internal,S3,19,086520,에코프로,2026-03-25,151300,20542931797600,2026-04-01,149100,-1.45,7,0.524891,0.05
S,internal,S3,20,319400,현대무벡스,2026-03-25,28000,3118529092000,2026-04-01,25750,-8.04,7,0.474383,0.05
S,internal,S3,1,086450,동국제약,2026-04-01,29000,1311682180000,2026-04-08,27750,-4.31,7,0.941056,0.05
S,internal,S3,2,420770,기가비스,2026-04-01,86800,1100255794400,2026-04-08,81400,-6.22,7,0.861813,0.05
S,internal,S3,3,295310,에이치브이엠,2026-04-01,91500,,2026-04-08,86000,-6.01,7,0.837486,0.05
S,internal,S3,4,376900,로킷헬스케어,2026-04-01,147900,2327759498100,2026-04-08,94400,-36.17,7,0.829443,0.05
S,internal,S3,5,218410,RFHIC,2026-04-01,94200,2501334236400,2026-04-08,85100,-9.66,7,0.817499,0.05
S,internal,S3,6,319660,피에스케이,2026-04-01,86400,2502724089600,2026-04-08,84900,-1.74,7,0.79772,0.05
S,internal,S3,7,095340,ISC,2026-04-01,264000,5596023312000,2026-04-08,257000,-2.65,7,0.797074,0.05
S,internal,S3,8,950160,코오롱티슈진,2026-04-01,108500,,2026-04-08,101500,-6.45,7,0.783187,0.05
S,internal,S3,9,015750,성우하이텍,2026-04-01,8900,,2026-04-08,8750,-1.69,7,0.770449,0.05
S,internal,S3,10,102940,코오롱생명과학,2026-04-01,59000,,2026-04-08,56600,-4.07,7,0.76221,0.05
S,internal,S3,11,174900,앱클론,2026-04-01,60700,,2026-04-08,53500,-11.86,7,0.736141,0.05
S,internal,S3,12,347700,스피어,2026-04-01,49200,2426577849600,2026-04-08,45500,-7.52,7,0.730153,0.05
S,internal,S3,13,052020,에스티큐브,2026-04-01,17400,1182909263400,2026-04-08,15550,-10.63,7,0.721719,0.05
S,internal,S3,14,032820,우리기술,2026-04-01,22050,3772673018100,2026-04-08,23650,7.26,7,0.683866,0.05
S,internal,S3,15,189300,인텔리안테크,2026-04-01,119500,1283130891500,2026-04-08,119300,-0.17,7,0.639606,0.05
S,internal,S3,16,126340,비나텍,2026-04-01,119500,,2026-04-08,100900,-15.56,7,0.612686,0.05
S,internal,S3,17,086520,에코프로,2026-04-01,149100,20244224263200,2026-04-08,153100,2.68,7,0.588045,0.05
S,internal,S3,18,080220,제주반도체,2026-04-01,39100,1346714770300,2026-04-08,43000,9.97,7,0.549202,0.05
S,internal,S3,19,003380,하림지주,2026-04-01,14390,1611760886190,2026-04-08,13800,-4.1,7,0.54635,0.05
S,internal,S3,20,440110,파두,2026-04-01,53000,2650558461000,2026-04-08,57000,7.55,7,0.490643,0.05
S,internal,S3,1,086450,동국제약,2026-04-08,27750,1255144155000,2026-04-15,27600,-0.54,7,0.885502,0.052632
S,internal,S3,2,420770,기가비스,2026-04-08,81400,1031806701200,2026-04-15,86800,6.63,7,0.767795,0.052632
S,internal,S3,3,095340,ISC,2026-04-08,257000,5447643906000,2026-04-15,224500,-12.65,7,0.764425,0.052632
S,internal,S3,4,950160,코오롱티슈진,2026-04-08,101500,,2026-04-15,104800,3.25,7,0.727452,0.052632
S,internal,S3,5,319660,피에스케이,2026-04-08,84900,2459274018600,2026-04-15,88300,4.0,7,0.722907,0.052632
S,internal,S3,6,102940,코오롱생명과학,2026-04-08,56600,,2026-04-15,59000,4.24,7,0.687287,0.052632
S,internal,S3,7,032820,우리기술,2026-04-08,23650,4046427069300,2026-04-15,21750,-8.03,7,0.686827,0.052632
S,internal,S3,8,052020,에스티큐브,2026-04-08,15550,1057140175050,2026-04-15,15380,-1.09,7,0.67026,0.052632
S,internal,S3,9,080220,제주반도체,2026-04-08,43000,1481041819000,2026-04-15,42350,-1.51,7,0.650415,0.052632
S,internal,S3,10,295310,에이치브이엠,2026-04-08,86000,,2026-04-15,89700,4.3,7,0.59078,0.052632
S,internal,S3,11,015750,성우하이텍,2026-04-08,8750,,2026-04-15,8920,1.94,7,0.584531,0.052632
S,internal,S3,12,376900,로킷헬스케어,2026-04-08,94400,1485736961600,2026-04-15,105700,11.97,7,0.57727,0.052632
S,internal,S3,13,086520,에코프로,2026-04-08,153100,20787328871200,2026-04-15,147900,-3.4,7,0.575771,0.052632
S,internal,S3,14,440110,파두,2026-04-08,57000,2854297059000,2026-04-15,60900,6.84,7,0.568229,0.052632
S,internal,S3,15,218410,RFHIC,2026-04-08,85100,2259697914200,2026-04-15,96600,13.51,7,0.551367,0.052632
S,internal,S3,16,126340,비나텍,2026-04-08,100900,,2026-04-15,133000,31.81,7,0.536917,0.052632
S,internal,S3,17,347700,스피어,2026-04-08,45500,2244091304000,2026-04-15,45600,0.22,7,0.518088,0.052632
S,internal,S3,18,189300,인텔리안테크,2026-04-08,119300,1280983392100,2026-04-15,137000,14.84,7,0.478493,0.052632
S,internal,S3,19,003380,하림지주,2026-04-08,13800,1545677569800,2026-04-15,13590,-1.52,7,0.475634,0.052632
S,internal,S3,1,094170,동운아나텍,2026-04-15,33950,,2026-04-22,44550,31.22,7,0.931026,0.05
S,internal,S3,2,372320,큐로셀,2026-04-15,61100,,2026-04-22,59100,-3.27,7,0.930253,0.05
S,internal,S3,3,086450,동국제약,2026-04-15,27600,1248359592000,2026-04-22,24950,-9.6,7,0.845025,0.05
S,internal,S3,4,319660,피에스케이,2026-04-15,88300,2557760846200,2026-04-22,86900,-1.59,7,0.777382,0.05
S,internal,S3,5,950160,코오롱티슈진,2026-04-15,104800,,2026-04-22,99500,-5.06,7,0.750272,0.05
S,internal,S3,6,420770,기가비스,2026-04-15,86800,1100255794400,2026-04-22,93500,7.72,7,0.745009,0.05
S,internal,S3,7,218410,RFHIC,2026-04-15,96600,2565062497200,2026-04-22,105500,9.21,7,0.742718,0.05
S,internal,S3,8,189300,인텔리안테크,2026-04-15,137000,1471037089000,2026-04-22,135800,-0.88,7,0.707732,0.05
S,internal,S3,9,102940,코오롱생명과학,2026-04-15,59000,,2026-04-22,55800,-5.42,7,0.663163,0.05
S,internal,S3,10,015750,성우하이텍,2026-04-15,8920,,2026-04-22,9200,3.14,7,0.657062,0.05
S,internal,S3,11,295310,에이치브이엠,2026-04-15,89700,,2026-04-22,90000,0.33,7,0.613591,0.05
S,internal,S3,12,126340,비나텍,2026-04-15,133000,,2026-04-22,142600,7.22,7,0.60872,0.05
S,internal,S3,13,440110,파두,2026-04-15,60900,3049591068300,2026-04-22,65400,7.39,7,0.605567,0.05
S,internal,S3,14,080220,제주반도체,2026-04-15,42350,1458653977550,2026-04-22,46950,10.86,7,0.578751,0.05
S,internal,S3,15,086520,에코프로,2026-04-15,147900,20081292880800,2026-04-22,164300,11.09,7,0.567141,0.05
S,internal,S3,16,095340,ISC,2026-04-15,224500,4758739521000,2026-04-22,239500,6.68,7,0.545125,0.05
S,internal,S3,17,347700,스피어,2026-04-15,45600,2284069708800,2026-04-22,44500,-2.41,7,0.515389,0.05
S,internal,S3,18,052020,에스티큐브,2026-04-15,15380,1045583015580,2026-04-22,16360,6.37,7,0.510578,0.05
S,internal,S3,19,032820,우리기술,2026-04-15,21750,3721344133500,2026-04-22,22050,1.38,7,0.472304,0.05
S,internal,S3,20,376900,로킷헬스케어,2026-04-15,105700,1663584712300,2026-04-22,90900,-14.0,7,0.466051,0.05
S,internal,S3,1,094170,동운아나텍,2026-04-22,44550,931537648800,2026-04-29,47500,6.62,7,0.808721,0.05
S,internal,S3,2,420770,기가비스,2026-04-22,93500,1185183373000,2026-04-29,109100,16.68,7,0.669567,0.05
S,internal,S3,3,086450,동국제약,2026-04-22,24950,1128498979000,2026-04-29,24600,-1.4,7,0.665827,0.05
S,internal,S3,4,218410,RFHIC,2026-04-22,105500,2801388131000,2026-04-29,91600,-13.18,7,0.639979,0.05
S,internal,S3,5,372320,큐로셀,2026-04-22,59100,890268038700,2026-04-29,65000,9.98,7,0.629135,0.05
S,internal,S3,6,015750,성우하이텍,2026-04-22,9200,736000000000,2026-04-29,9230,0.33,7,0.620737,0.05
S,internal,S3,7,126340,비나텍,2026-04-22,142600,1018667092800,2026-04-29,183400,28.61,7,0.612331,0.05
S,internal,S3,8,440110,파두,2026-04-22,65400,3274930309800,2026-04-29,81500,24.62,7,0.593855,0.05
S,internal,S3,9,086520,에코프로,2026-04-22,164300,22308021773600,2026-04-29,159900,-2.68,7,0.561039,0.05
S,internal,S3,10,080220,제주반도체,2026-04-22,46950,1617091009350,2026-04-29,53600,14.16,7,0.545793,0.05
S,internal,S3,11,950160,코오롱티슈진,2026-04-22,99500,8431236975000,2026-04-29,107400,7.94,7,0.518153,0.05
S,internal,S3,12,102940,코오롱생명과학,2026-04-22,55800,730455647400,2026-04-29,60600,8.6,7,0.507688,0.05
S,internal,S3,13,319660,피에스케이,2026-04-22,86900,2517207446600,2026-04-29,93300,7.36,7,0.471633,0.05
S,internal,S3,14,295310,에이치브이엠,2026-04-22,90000,1082456190000,2026-04-29,89700,-0.33,7,0.467507,0.05
S,internal,S3,15,189300,인텔리안테크,2026-04-22,135800,1458152092600,2026-04-29,137200,1.03,7,0.453674,0.05
S,internal,S3,16,347700,스피어,2026-04-22,44500,2228971536000,2026-04-29,40600,-8.76,7,0.402382,0.05
S,internal,S3,17,095340,ISC,2026-04-22,239500,5076695391000,2026-04-29,244000,1.88,7,0.378093,0.05
S,internal,S3,18,052020,에스티큐브,2026-04-22,16360,1112206640760,2026-04-29,22100,35.09,7,0.365561,0.05
S,internal,S3,19,032820,우리기술,2026-04-22,22050,3772673018100,2026-04-29,22300,1.13,7,0.349411,0.05
S,internal,S3,20,376900,로킷헬스케어,2026-04-22,90900,1430651375100,2026-04-29,81500,-10.34,7,0.342692,0.05
S,internal,S3,1,094170,동운아나텍,2026-04-29,47500,993221960000,2026-05-06,49650,4.53,7,0.806134,0.05
S,internal,S3,2,372320,큐로셀,2026-04-29,65000,986474905000,2026-05-06,51000,-21.54,7,0.777471,0.05
S,internal,S3,3,126340,비나텍,2026-04-29,183400,1310123035200,2026-05-06,193600,5.56,7,0.716559,0.05
S,internal,S3,4,420770,기가비스,2026-04-29,109100,1382925197800,2026-05-06,103400,-5.22,7,0.680755,0.05
S,internal,S3,5,440110,파두,2026-04-29,81500,4081144040500,2026-05-06,78800,-3.31,7,0.670929,0.05
S,internal,S3,6,015750,성우하이텍,2026-04-29,9230,738400000000,2026-05-06,8890,-3.68,7,0.610633,0.05
S,internal,S3,7,080220,제주반도체,2026-04-29,53600,1846135848800,2026-05-06,58500,9.14,7,0.604091,0.05
S,internal,S3,8,052020,에스티큐브,2026-04-29,22100,1502430731100,2026-05-06,18850,-14.71,7,0.589309,0.05
S,internal,S3,9,319660,피에스케이,2026-04-29,93300,2702594416200,2026-05-06,104500,12.0,7,0.550363,0.05
S,internal,S3,10,086450,동국제약,2026-04-29,24600,1112668332000,2026-05-06,23350,-5.08,7,0.536083,0.05
S,internal,S3,11,102940,코오롱생명과학,2026-04-29,60600,793290541800,2026-05-06,59400,-1.98,7,0.532227,0.05
S,internal,S3,12,295310,에이치브이엠,2026-04-29,89700,1078848002700,2026-05-06,87100,-2.9,7,0.501121,0.05
S,internal,S3,13,950160,코오롱티슈진,2026-04-29,107400,9100651770000,2026-05-06,103600,-3.54,7,0.497008,0.05
S,internal,S3,14,218410,RFHIC,2026-04-29,91600,2432295287200,2026-05-06,96400,5.24,7,0.484425,0.05
S,internal,S3,15,086520,에코프로,2026-04-29,159900,21710606704800,2026-05-06,162800,1.81,7,0.475171,0.05
S,internal,S3,16,189300,인텔리안테크,2026-04-29,137200,1473184588400,2026-05-06,153600,11.95,7,0.46296,0.05
S,internal,S3,17,032820,우리기술,2026-04-29,22300,3815447088600,2026-05-06,21250,-4.71,7,0.386867,0.05
S,internal,S3,18,095340,ISC,2026-04-29,244000,5172082152000,2026-05-06,256000,4.92,7,0.369772,0.05
S,internal,S3,19,376900,로킷헬스케어,2026-04-29,81500,1282707228500,2026-05-06,76000,-6.75,7,0.357304,0.05
S,internal,S3,20,347700,스피어,2026-04-29,40600,2033623468800,2026-05-06,42300,4.19,7,0.34278,0.05
S,internal,S3,1,094170,동운아나텍,2026-05-06,49650,1038178322400,2026-05-13,48100,-3.12,7,0.743023,0.05
S,internal,S3,2,126340,비나텍,2026-05-06,193600,1382987020800,2026-05-13,166200,-14.15,7,0.688795,0.05
S,internal,S3,3,080220,제주반도체,2026-05-06,58500,2014905730500,2026-05-13,58900,0.68,7,0.6735,0.05
S,internal,S3,4,189300,인텔리안테크,2026-05-06,153600,1649279539200,2026-05-13,170600,11.07,7,0.650363,0.05
S,internal,S3,5,440110,파두,2026-05-06,78800,3947629967600,2026-05-13,100000,26.9,7,0.639052,0.05
S,internal,S3,6,319660,피에스케이,2026-05-06,104500,3027021613000,2026-05-13,111500,6.7,7,0.614245,0.05
S,internal,S3,7,102940,코오롱생명과학,2026-05-06,59400,777581818200,2026-05-13,59400,0.0,7,0.593409,0.05
S,internal,S3,8,420770,기가비스,2026-05-06,103400,1310673377200,2026-05-13,127100,22.92,7,0.568287,0.05
S,internal,S3,9,950160,코오롱티슈진,2026-05-06,103600,8778654780000,2026-05-13,122800,18.53,7,0.565003,0.05
S,internal,S3,10,015750,성우하이텍,2026-05-06,8890,711200000000,2026-05-13,8900,0.11,7,0.553692,0.05
S,internal,S3,11,372320,큐로셀,2026-05-06,51000,774632982000,2026-05-13,40950,-19.71,7,0.527471,0.05
S,internal,S3,12,086520,에코프로,2026-05-06,162800,22104357545600,2026-05-13,135000,-17.08,7,0.516173,0.05
S,internal,S3,13,295310,에이치브이엠,2026-05-06,87100,1047577046100,2026-05-13,96000,10.22,7,0.511147,0.05
S,internal,S3,14,052020,에스티큐브,2026-05-06,18850,1281485035350,2026-05-13,17460,-7.37,7,0.469772,0.05
S,internal,S3,15,086450,동국제약,2026-05-06,23350,1056130307000,2026-05-13,21650,-7.28,7,0.46346,0.05
S,internal,S3,16,218410,RFHIC,2026-05-06,96400,2559751808800,2026-05-13,105300,9.23,7,0.46116,0.05
S,internal,S3,17,095340,ISC,2026-05-06,256000,5426446848000,2026-05-13,244000,-4.69,7,0.438795,0.05
S,internal,S3,18,032820,우리기술,2026-05-06,21250,3635795992500,2026-05-13,18140,-14.64,7,0.39715,0.05
S,internal,S3,19,347700,스피어,2026-05-06,42300,2118775190400,2026-05-13,42500,0.47,7,0.358204,0.05
S,internal,S3,20,376900,로킷헬스케어,2026-05-06,76000,1196144164000,2026-05-13,70000,-7.89,7,0.345479,0.05
S,internal,S3,1,420770,기가비스,2026-05-13,127100,1611088841800,2026-05-15,119800,-5.74,2,0.761306,0.05
S,internal,S3,2,950160,코오롱티슈진,2026-05-13,122800,10405586940000,2026-05-15,111600,-9.12,2,0.713184,0.05
S,internal,S3,3,094170,동운아나텍,2026-05-13,48100,1005767921600,2026-05-15,46900,-2.49,2,0.708055,0.05
S,internal,S3,4,295310,에이치브이엠,2026-05-13,96000,1154619936000,2026-05-15,97900,1.98,2,0.67344,0.05
S,internal,S3,5,080220,제주반도체,2026-05-13,58900,2028682863700,2026-05-15,82300,39.73,2,0.67058,0.05
S,internal,S3,6,102940,코오롱생명과학,2026-05-13,59400,777581818200,2026-05-15,54600,-8.08,2,0.66344,0.05
S,internal,S3,7,440110,파두,2026-05-13,100000,5009682700000,2026-05-15,100100,0.1,2,0.641349,0.05
S,internal,S3,8,015750,성우하이텍,2026-05-13,8900,712000000000,2026-05-15,8400,-5.62,2,0.635876,0.05
S,internal,S3,9,189300,인텔리안테크,2026-05-13,170600,1831816988200,2026-05-15,162000,-5.04,2,0.610195,0.05
S,internal,S3,10,126340,비나텍,2026-05-13,166200,1187254353600,2026-05-15,155100,-6.68,2,0.606477,0.05
S,internal,S3,11,319660,피에스케이,2026-05-13,111500,3229788611000,2026-05-15,101400,-9.06,2,0.604169,0.05
S,internal,S3,12,218410,RFHIC,2026-05-13,105300,2796077442600,2026-05-15,97100,-7.79,2,0.588015,0.05
S,internal,S3,13,052020,에스티큐브,2026-05-13,17460,1186988260860,2026-05-15,17290,-0.97,2,0.574938,0.05
S,internal,S3,14,086450,동국제약,2026-05-13,21650,979238593000,2026-05-15,22650,4.62,2,0.473953,0.05
S,internal,S3,15,372320,큐로셀,2026-05-13,40950,621984717900,2026-05-15,42850,4.64,2,0.467543,0.05
S,internal,S3,16,347700,스피어,2026-05-13,42500,2128793040000,2026-05-15,42000,-1.18,2,0.446349,0.05
S,internal,S3,17,086520,에코프로,2026-05-13,135000,18329780520000,2026-05-15,129200,-4.3,2,0.411477,0.05
S,internal,S3,18,095340,ISC,2026-05-13,244000,5172082152000,2026-05-15,224500,-7.99,2,0.370836,0.05
S,internal,S3,19,032820,우리기술,2026-05-13,18140,3103686555480,2026-05-15,17130,-5.57,2,0.362759,0.05
S,internal,S3,20,376900,로킷헬스케어,2026-05-13,70000,1101711730000,2026-05-15,68600,-2.0,2,0.339426,0.05
S,internal,S3_ACCEL_V01,1,036930,주성엔지니어링,2026-03-04,53800,2543035669800,2026-03-11,67000,24.54,7,0.878574,0.05
S,internal,S3_ACCEL_V01,2,310210,보로노이,2026-03-04,275500,5067415035500,2026-03-11,329000,19.42,7,0.868074,0.05
S,internal,S3_ACCEL_V01,3,440110,파두,2026-03-04,54500,2725574266500,2026-03-11,63200,15.96,7,0.865574,0.05
S,internal,S3_ACCEL_V01,4,043260,성호전자,2026-03-04,25650,1819170409950,2026-03-11,48000,87.13,7,0.864574,0.05
S,internal,S3_ACCEL_V01,5,218410,RFHIC,2026-03-04,57000,1510696194000,2026-03-11,89600,57.19,7,0.861574,0.05
S,internal,S3_ACCEL_V01,6,127120,제이에스링크,2026-03-04,31950,1090105628400,2026-03-11,36850,15.34,7,0.860324,0.05
S,internal,S3_ACCEL_V01,7,031980,피에스케이홀딩스,2026-03-04,89800,1936303071000,2026-03-11,104400,16.26,7,0.859824,0.05
S,internal,S3_ACCEL_V01,8,226950,올릭스,2026-03-04,163400,3299026882200,2026-03-11,180000,10.16,7,0.849324,0.05
S,internal,S3_ACCEL_V01,9,000250,삼천당제약,2026-03-04,645000,15130069440000,2026-03-11,774000,20.0,7,0.844574,0.05
S,internal,S3_ACCEL_V01,10,095340,ISC,2026-03-04,163900,3474197806200,2026-03-11,174400,6.41,7,0.819824,0.05
S,internal,S3_ACCEL_V01,11,032820,우리기술,2026-03-04,12760,2128030549040,2026-03-11,22700,77.9,7,0.805324,0.05
S,internal,S3_ACCEL_V01,12,347700,스피어,2026-03-04,35300,1665684297200,2026-03-11,50900,44.19,7,0.791824,0.05
S,internal,S3_ACCEL_V01,13,038500,삼표시멘트,2026-03-04,13160,1420178586960,2026-03-11,18140,37.84,7,0.790824,0.05
S,internal,S3_ACCEL_V01,14,240810,원익IPS,2026-03-04,107500,5276519357500,2026-03-11,120000,11.63,7,0.785824,0.05
S,internal,S3_ACCEL_V01,15,048410,현대바이오,2026-03-04,11780,1131362508800,2026-03-11,15030,27.59,7,0.768574,0.05
S,internal,S3_ACCEL_V01,16,089970,브이엠,2026-03-04,32750,799483011250,2026-03-11,40000,22.14,7,0.765824,0.05
S,internal,S3_ACCEL_V01,17,277810,레인보우로보틱스,2026-03-04,704000,13657500032000,2026-03-11,748000,6.25,7,0.748574,0.05
S,internal,S3_ACCEL_V01,18,080220,제주반도체,2026-03-04,36850,1269218396050,2026-03-11,43450,17.91,7,0.732574,0.05
S,internal,S3_ACCEL_V01,19,290650,엘앤씨바이오,2026-03-04,75800,1883028375400,2026-03-11,81000,6.86,7,0.710824,0.05
S,internal,S3_ACCEL_V01,20,417200,LS머트리얼즈,2026-03-04,13150,889632465850,2026-03-11,17650,34.22,7,0.617324,0.05
S,internal,S3_ACCEL_V01,1,218410,RFHIC,2026-03-11,89600,2379188403200,2026-03-18,78300,-12.61,7,0.934786,0.05
S,internal,S3_ACCEL_V01,2,032820,우리기술,2026-03-11,22700,3785759675800,2026-03-18,29300,29.07,7,0.934536,0.05
S,internal,S3_ACCEL_V01,3,376900,로킷헬스케어,2026-03-11,97000,1519164433000,2026-03-18,128700,32.68,7,0.930286,0.05
S,internal,S3_ACCEL_V01,4,052020,에스티큐브,2026-03-11,13400,910976099400,2026-03-18,16300,21.64,7,0.922786,0.05
S,internal,S3_ACCEL_V01,5,189300,인텔리안테크,2026-03-11,140100,1504323329700,2026-03-18,127400,-9.06,7,0.907536,0.05
S,internal,S3_ACCEL_V01,6,126340,비나텍,2026-03-11,147500,,2026-03-18,135600,-8.07,7,0.903536,0.05
S,internal,S3_ACCEL_V01,7,043260,성호전자,2026-03-11,48000,3404295504000,2026-03-18,42500,-11.46,7,0.884536,0.05
S,internal,S3_ACCEL_V01,8,031980,피에스케이홀딩스,2026-03-11,104400,2251114038000,2026-03-18,108200,3.64,7,0.865536,0.05
S,internal,S3_ACCEL_V01,9,310210,보로노이,2026-03-11,329000,6051468409000,2026-03-18,339000,3.04,7,0.853536,0.05
S,internal,S3_ACCEL_V01,10,440110,파두,2026-03-11,63200,3160665938400,2026-03-18,62500,-1.11,7,0.847786,0.05
S,internal,S3_ACCEL_V01,11,036930,주성엔지니어링,2026-03-11,67000,3166977507000,2026-03-18,62900,-6.12,7,0.845286,0.05
S,internal,S3_ACCEL_V01,12,347700,스피어,2026-03-11,50900,2401794071600,2026-03-18,48750,-4.22,7,0.844536,0.05
S,internal,S3_ACCEL_V01,13,417200,LS머트리얼즈,2026-03-11,17650,1194069431350,2026-03-18,22950,30.03,7,0.828036,0.05
S,internal,S3_ACCEL_V01,14,226950,올릭스,2026-03-11,180000,3634178940000,2026-03-18,190000,5.56,7,0.826786,0.05
S,internal,S3_ACCEL_V01,15,095340,ISC,2026-03-11,174400,3696766915200,2026-03-18,230000,31.88,7,0.818786,0.05
S,internal,S3_ACCEL_V01,16,127120,제이에스링크,2026-03-11,36850,1257289277200,2026-03-18,38650,4.88,7,0.814536,0.05
S,internal,S3_ACCEL_V01,17,000250,삼천당제약,2026-03-11,774000,18156083328000,2026-03-18,784000,1.29,7,0.802286,0.05
S,internal,S3_ACCEL_V01,18,089970,브이엠,2026-03-11,40000,976467800000,2026-03-18,45900,14.75,7,0.797786,0.05
S,internal,S3_ACCEL_V01,19,240810,원익IPS,2026-03-11,120000,5890068120000,2026-03-18,124500,3.75,7,0.793036,0.05
S,internal,S3_ACCEL_V01,20,277810,레인보우로보틱스,2026-03-11,748000,14511093784000,2026-03-18,740000,-1.07,7,0.742036,0.05
S,internal,S3_ACCEL_V01,1,032820,우리기술,2026-03-18,29300,4954177227100,2026-03-25,25850,-11.77,7,0.983283,0.05
S,internal,S3_ACCEL_V01,2,376900,로킷헬스케어,2026-03-18,128700,2025575709300,2026-03-25,120300,-6.53,7,0.979783,0.05
S,internal,S3_ACCEL_V01,3,032500,케이엠더블유,2026-03-18,28850,1191258938350,2026-03-25,33200,15.08,7,0.963033,0.05
S,internal,S3_ACCEL_V01,4,089970,브이엠,2026-03-18,45900,1120496800500,2026-03-25,47750,4.03,7,0.943533,0.05
S,internal,S3_ACCEL_V01,5,417200,LS머트리얼즈,2026-03-18,22950,1552628524050,2026-03-25,21000,-8.5,7,0.941783,0.05
S,internal,S3_ACCEL_V01,6,319660,피에스케이,2026-03-18,77500,2244920335000,2026-03-25,84200,8.65,7,0.930783,0.05
S,internal,S3_ACCEL_V01,7,445680,큐리옥스바이오시스템즈,2026-03-18,139600,2389928686800,2026-03-25,116900,-16.26,7,0.930283,0.05
S,internal,S3_ACCEL_V01,8,310210,보로노이,2026-03-18,339000,6235403619000,2026-03-25,300000,-11.5,7,0.913783,0.05
S,internal,S3_ACCEL_V01,9,141080,리가켐바이오,2026-03-18,211000,7724781318000,2026-03-25,213500,1.18,7,0.908783,0.05
S,internal,S3_ACCEL_V01,10,000250,삼천당제약,2026-03-18,784000,18390658048000,2026-03-25,1115000,42.22,7,0.876033,0.05
S,internal,S3_ACCEL_V01,11,043260,성호전자,2026-03-18,42500,3014219977500,2026-03-25,48500,14.12,7,0.862783,0.05
S,internal,S3_ACCEL_V01,12,127120,제이에스링크,2026-03-18,38650,1318703678800,2026-03-25,37050,-4.14,7,0.862533,0.05
S,internal,S3_ACCEL_V01,13,031980,피에스케이홀딩스,2026-03-18,108200,2333051139000,2026-03-25,103100,-4.71,7,0.860533,0.05
S,internal,S3_ACCEL_V01,14,218410,RFHIC,2026-03-18,78300,2079134508600,2026-03-25,88600,13.15,7,0.858783,0.05
S,internal,S3_ACCEL_V01,15,126340,비나텍,2026-03-18,135600,,2026-03-25,116600,-14.01,7,0.829033,0.05
S,internal,S3_ACCEL_V01,16,277810,레인보우로보틱스,2026-03-18,740000,14355894920000,2026-03-25,605000,-18.24,7,0.782783,0.05
S,internal,S3_ACCEL_V01,17,095340,ISC,2026-03-18,230000,4875323340000,2026-03-25,250000,8.7,7,0.780611,0.05
S,internal,S3_ACCEL_V01,18,052020,에스티큐브,2026-03-18,16300,1108127643300,2026-03-25,17920,9.94,7,0.760361,0.05
S,internal,S3_ACCEL_V01,19,189300,인텔리안테크,2026-03-18,127400,1367957117800,2026-03-25,133200,4.55,7,0.727033,0.05
S,internal,S3_ACCEL_V01,20,226950,올릭스,2026-03-18,190000,3836077770000,2026-03-25,187600,-1.26,7,0.691111,0.05
S,internal,S3_ACCEL_V01,1,218410,RFHIC,2026-03-25,88600,2352634961200,2026-04-01,94200,6.32,7,0.989875,0.05
S,internal,S3_ACCEL_V01,2,000250,삼천당제약,2026-03-25,1115000,26155081280000,2026-04-01,744000,-33.27,7,0.906625,0.05
S,internal,S3_ACCEL_V01,3,032500,케이엠더블유,2026-03-25,33200,1371275237200,2026-04-01,29200,-12.05,7,0.904625,0.05
S,internal,S3_ACCEL_V01,4,100790,미래에셋벤처투자,2026-03-25,27000,1434365118000,2026-04-01,28400,5.19,7,0.890375,0.05
S,internal,S3_ACCEL_V01,5,095340,ISC,2026-03-25,250000,5299264500000,2026-04-01,264000,5.6,7,0.872875,0.05
S,internal,S3_ACCEL_V01,6,052020,에스티큐브,2026-03-25,17920,1218260574720,2026-04-01,17400,-2.9,7,0.856375,0.05
S,internal,S3_ACCEL_V01,7,420770,기가비스,2026-03-25,75500,957019729000,2026-04-01,86800,14.97,7,0.856,0.05
S,internal,S3_ACCEL_V01,8,078600,대주전자재료,2026-03-25,126200,1953650836600,2026-04-01,127700,1.19,7,0.849875,0.05
S,internal,S3_ACCEL_V01,9,084370,유진테크,2026-03-25,135900,3114290107800,2026-04-01,123700,-8.98,7,0.8435,0.05
S,internal,S3_ACCEL_V01,10,141080,리가켐바이오,2026-03-25,213500,7816307163000,2026-04-01,205500,-3.75,7,0.838875,0.05
S,internal,S3_ACCEL_V01,11,376900,로킷헬스케어,2026-03-25,120300,1893370301700,2026-04-01,147900,22.94,7,0.837125,0.05
S,internal,S3_ACCEL_V01,12,032820,우리기술,2026-03-25,25850,4422838889700,2026-04-01,22050,-14.7,7,0.825375,0.05
S,internal,S3_ACCEL_V01,13,089970,브이엠,2026-03-25,47750,1165658436250,2026-04-01,41650,-12.77,7,0.819375,0.05
S,internal,S3_ACCEL_V01,14,189300,인텔리안테크,2026-03-25,133200,1430234600400,2026-04-01,119500,-10.29,7,0.816375,0.05
S,internal,S3_ACCEL_V01,15,319660,피에스케이,2026-03-25,84200,2438997318800,2026-04-01,86400,2.61,7,0.813625,0.05
S,internal,S3_ACCEL_V01,16,043260,성호전자,2026-03-25,48500,3439756915500,2026-04-01,47400,-2.27,7,0.789875,0.05
S,internal,S3_ACCEL_V01,17,310210,보로노이,2026-03-25,300000,5518056300000,2026-04-01,319000,6.33,7,0.781875,0.05
S,internal,S3_ACCEL_V01,18,226950,올릭스,2026-03-25,187600,3808389370800,2026-04-01,200500,6.88,7,0.772875,0.05
S,internal,S3_ACCEL_V01,19,126340,비나텍,2026-03-25,116600,,2026-04-01,119500,2.49,7,0.742875,0.05
S,internal,S3_ACCEL_V01,20,445680,큐리옥스바이오시스템즈,2026-03-25,116900,2001308477700,2026-04-01,87300,-25.32,7,0.709375,0.05
S,internal,S3_ACCEL_V01,1,086450,동국제약,2026-04-01,29000,1311682180000,2026-04-08,27750,-4.31,7,1.0475,0.05
S,internal,S3_ACCEL_V01,2,420770,기가비스,2026-04-01,86800,1100255794400,2026-04-08,81400,-6.22,7,0.95675,0.05
S,internal,S3_ACCEL_V01,3,376900,로킷헬스케어,2026-04-01,147900,2327759498100,2026-04-08,94400,-36.17,7,0.921,0.05
S,internal,S3_ACCEL_V01,4,218410,RFHIC,2026-04-01,94200,2501334236400,2026-04-08,85100,-9.66,7,0.9115,0.05
S,internal,S3_ACCEL_V01,5,263750,펄어비스,2026-04-01,72000,4625845560000,2026-04-08,56500,-21.53,7,0.89175,0.05
S,internal,S3_ACCEL_V01,6,319660,피에스케이,2026-04-01,86400,2502724089600,2026-04-08,84900,-1.74,7,0.89025,0.05
S,internal,S3_ACCEL_V01,7,095340,ISC,2026-04-01,264000,5596023312000,2026-04-08,257000,-2.65,7,0.88925,0.05
S,internal,S3_ACCEL_V01,8,131290,티에스이,2026-04-01,118800,1314097765200,2026-04-08,114900,-3.28,7,0.8805,0.05
S,internal,S3_ACCEL_V01,9,043260,성호전자,2026-04-01,47400,3361741810200,2026-04-08,42600,-10.13,7,0.85675,0.05
S,internal,S3_ACCEL_V01,10,100790,미래에셋벤처투자,2026-04-01,28400,1508739605600,2026-04-08,29650,4.4,7,0.8535,0.05
S,internal,S3_ACCEL_V01,11,010170,대한광통신,2026-04-01,9410,1463120060600,2026-04-08,14690,56.11,7,0.832,0.05
S,internal,S3_ACCEL_V01,12,032500,케이엠더블유,2026-04-01,29200,1210672412800,2026-04-08,26550,-9.08,7,0.831,0.05
S,internal,S3_ACCEL_V01,13,052020,에스티큐브,2026-04-01,17400,1182909263400,2026-04-08,15550,-10.63,7,0.81075,0.05
S,internal,S3_ACCEL_V01,14,078600,대주전자재료,2026-04-01,127700,1976871726100,2026-04-08,117000,-8.38,7,0.7935,0.05
S,internal,S3_ACCEL_V01,15,000250,삼천당제약,2026-04-01,744000,17452359168000,2026-04-08,485000,-34.81,7,0.7845,0.05
S,internal,S3_ACCEL_V01,16,089970,브이엠,2026-04-01,41650,1016747096750,2026-04-08,43500,4.44,7,0.77875,0.05
S,internal,S3_ACCEL_V01,17,032820,우리기술,2026-04-01,22050,3772673018100,2026-04-08,23650,7.26,7,0.77525,0.05
S,internal,S3_ACCEL_V01,18,141080,리가켐바이오,2026-04-01,205500,7523424459000,2026-04-08,175700,-14.5,7,0.7645,0.05
S,internal,S3_ACCEL_V01,19,084370,유진테크,2026-04-01,123700,2834714395400,2026-04-08,133600,8.0,7,0.72525,0.05
S,internal,S3_ACCEL_V01,20,445680,큐리옥스바이오시스템즈,2026-04-01,87300,1494561420900,2026-04-08,84600,-3.09,7,0.61175,0.05
S,internal,S3_ACCEL_V01,1,086450,동국제약,2026-04-08,27750,1255144155000,2026-04-15,27600,-0.54,7,0.9885,0.052632
S,internal,S3_ACCEL_V01,2,084370,유진테크,2026-04-08,133600,3061583211200,2026-04-15,128900,-3.52,7,0.8665,0.052632
S,internal,S3_ACCEL_V01,3,420770,기가비스,2026-04-08,81400,1031806701200,2026-04-15,86800,6.63,7,0.86225,0.052632
S,internal,S3_ACCEL_V01,4,095340,ISC,2026-04-08,257000,5447643906000,2026-04-15,224500,-12.65,7,0.85575,0.052632
S,internal,S3_ACCEL_V01,5,131290,티에스이,2026-04-08,114900,1270958192100,2026-04-15,141600,23.24,7,0.843,0.052632
S,internal,S3_ACCEL_V01,6,010170,대한광통신,2026-04-08,14690,2284084345400,2026-04-15,19800,34.79,7,0.8355,0.052632
S,internal,S3_ACCEL_V01,7,039030,이오테크닉스,2026-04-08,442000,5445241100000,2026-04-15,472000,6.79,7,0.822,0.052632
S,internal,S3_ACCEL_V01,8,222800,심텍,2026-04-08,68000,2539270824000,2026-04-15,71100,4.56,7,0.812,0.052632
S,internal,S3_ACCEL_V01,9,100790,미래에셋벤처투자,2026-04-08,29650,1575145398100,2026-04-15,39550,33.39,7,0.81175,0.052632
S,internal,S3_ACCEL_V01,10,319660,피에스케이,2026-04-08,84900,2459274018600,2026-04-15,88300,4.0,7,0.811,0.052632
S,internal,S3_ACCEL_V01,11,089970,브이엠,2026-04-08,43500,1061908732500,2026-04-15,50000,14.94,7,0.80925,0.052632
S,internal,S3_ACCEL_V01,12,101490,에스앤에스텍,2026-04-08,90700,1935073525300,2026-04-15,102100,12.57,7,0.8065,0.052632
S,internal,S3_ACCEL_V01,13,032820,우리기술,2026-04-08,23650,4046427069300,2026-04-15,21750,-8.03,7,0.7795,0.052632
S,internal,S3_ACCEL_V01,14,052020,에스티큐브,2026-04-08,15550,1057140175050,2026-04-15,15380,-1.09,7,0.76175,0.052632
S,internal,S3_ACCEL_V01,15,078600,대주전자재료,2026-04-08,117000,1816790625000,2026-04-15,136000,16.24,7,0.759,0.052632
S,internal,S3_ACCEL_V01,16,032500,케이엠더블유,2026-04-08,26550,1101612467250,2026-04-15,34100,28.44,7,0.7425,0.052632
S,internal,S3_ACCEL_V01,17,376900,로킷헬스케어,2026-04-08,94400,1485736961600,2026-04-15,105700,11.97,7,0.66375,0.052632
S,internal,S3_ACCEL_V01,18,218410,RFHIC,2026-04-08,85100,2259697914200,2026-04-15,96600,13.51,7,0.635,0.052632
S,internal,S3_ACCEL_V01,19,263750,펄어비스,2026-04-08,56500,3630003807500,2026-04-15,56000,-0.88,7,0.5935,0.052632
S,internal,S3_ACCEL_V01,1,131290,티에스이,2026-04-15,141600,1566298346400,2026-04-22,169300,19.56,7,0.955,0.05
S,internal,S3_ACCEL_V01,2,086450,동국제약,2026-04-15,27600,1248359592000,2026-04-22,24950,-9.6,7,0.9475,0.05
S,internal,S3_ACCEL_V01,3,100790,미래에셋벤처투자,2026-04-15,39550,2101079274700,2026-04-22,57700,45.89,7,0.91925,0.05
S,internal,S3_ACCEL_V01,4,028300,HLB,2026-04-15,68200,9079636772800,2026-04-22,60600,-11.14,7,0.913,0.05
S,internal,S3_ACCEL_V01,5,082920,비츠로셀,2026-04-15,50400,2285109640800,2026-04-22,56600,12.3,7,0.9085,0.05
S,internal,S3_ACCEL_V01,6,095610,테스,2026-04-15,90100,1744336000000,2026-04-22,93300,3.55,7,0.9025,0.05
S,internal,S3_ACCEL_V01,7,032500,케이엠더블유,2026-04-15,34100,1414877029500,2026-04-22,31350,-8.06,7,0.89775,0.05
S,internal,S3_ACCEL_V01,8,222800,심텍,2026-04-15,71100,2655031699800,2026-04-22,86600,21.8,7,0.891,0.05
S,internal,S3_ACCEL_V01,9,078600,대주전자재료,2026-04-15,136000,2111825000000,2026-04-22,145300,6.84,7,0.8845,0.05
S,internal,S3_ACCEL_V01,10,319660,피에스케이,2026-04-15,88300,2557760846200,2026-04-22,86900,-1.59,7,0.8705,0.05
S,internal,S3_ACCEL_V01,11,178320,서진시스템,2026-04-15,51300,3039034007700,2026-04-22,53200,3.7,7,0.87025,0.05
S,internal,S3_ACCEL_V01,12,166090,하나머티리얼즈,2026-04-15,69800,1380481645200,2026-04-22,71400,2.29,7,0.86525,0.05
S,internal,S3_ACCEL_V01,13,089970,브이엠,2026-04-15,50000,1220584750000,2026-04-22,54500,9.0,7,0.8585,0.05
S,internal,S3_ACCEL_V01,14,420770,기가비스,2026-04-15,86800,1100255794400,2026-04-22,93500,7.72,7,0.834,0.05
S,internal,S3_ACCEL_V01,15,218410,RFHIC,2026-04-15,96600,2565062497200,2026-04-22,105500,9.21,7,0.83125,0.05
S,internal,S3_ACCEL_V01,16,039030,이오테크닉스,2026-04-15,472000,5814827600000,2026-04-22,483000,2.33,7,0.812,0.05
S,internal,S3_ACCEL_V01,17,101490,에스앤에스텍,2026-04-15,102100,2178291145900,2026-04-22,101800,-0.29,7,0.79325,0.05
S,internal,S3_ACCEL_V01,18,084370,유진테크,2026-04-15,128900,2953877813800,2026-04-22,134600,4.42,7,0.761,0.05
S,internal,S3_ACCEL_V01,19,010170,대한광통신,2026-04-15,19800,3078616068000,2026-04-22,15220,-23.13,7,0.71775,0.05
S,internal,S3_ACCEL_V01,20,263750,펄어비스,2026-04-15,56000,3597879880000,2026-04-22,57700,3.04,7,0.55225,0.05
S,internal,S3_ACCEL_V01,1,131290,티에스이,2026-04-22,169300,1872699929700,2026-04-29,168800,-0.3,7,0.85975,0.05
S,internal,S3_ACCEL_V01,2,036930,주성엔지니어링,2026-04-22,120400,5596326968400,2026-04-29,125900,4.57,7,0.82075,0.05
S,internal,S3_ACCEL_V01,3,100790,미래에셋벤처투자,2026-04-22,57700,3065291381800,2026-04-29,57000,-1.21,7,0.82,0.05
S,internal,S3_ACCEL_V01,4,222080,씨아이에스,2026-04-22,16930,1316817837920,2026-04-29,18650,10.16,7,0.80375,0.05
S,internal,S3_ACCEL_V01,5,222800,심텍,2026-04-22,86600,3233836078800,2026-04-29,89300,3.12,7,0.7955,0.05
S,internal,S3_ACCEL_V01,6,095610,테스,2026-04-22,93300,1806288000000,2026-04-29,86600,-7.18,7,0.78325,0.05
S,internal,S3_ACCEL_V01,7,086450,동국제약,2026-04-22,24950,1128498979000,2026-04-29,24600,-1.4,7,0.77025,0.05
S,internal,S3_ACCEL_V01,8,005290,동진쎄미켐,2026-04-22,60400,3105435437600,2026-04-29,58400,-3.31,7,0.76925,0.05
S,internal,S3_ACCEL_V01,9,420770,기가비스,2026-04-22,93500,1185183373000,2026-04-29,109100,16.68,7,0.7575,0.05
S,internal,S3_ACCEL_V01,10,281740,레이크머티리얼즈,2026-04-22,25450,1672842446600,2026-04-29,24600,-3.34,7,0.73925,0.05
S,internal,S3_ACCEL_V01,11,218410,RFHIC,2026-04-22,105500,2801388131000,2026-04-29,91600,-13.18,7,0.7255,0.05
S,internal,S3_ACCEL_V01,12,082920,비츠로셀,2026-04-22,56600,2566214398200,2026-04-29,54900,-3.0,7,0.703,0.05
S,internal,S3_ACCEL_V01,13,178320,서진시스템,2026-04-22,53200,3164443942800,2026-04-29,56700,6.58,7,0.70125,0.05
S,internal,S3_ACCEL_V01,14,078600,대주전자재료,2026-04-22,145300,2256236562500,2026-04-29,166600,14.66,7,0.6695,0.05
S,internal,S3_ACCEL_V01,15,028300,HLB,2026-04-22,60600,8067829742400,2026-04-29,63000,3.96,7,0.64075,0.05
S,internal,S3_ACCEL_V01,16,089970,브이엠,2026-04-22,54500,1330437377500,2026-04-29,57400,5.32,7,0.639,0.05
S,internal,S3_ACCEL_V01,17,084370,유진테크,2026-04-22,134600,3084499253200,2026-04-29,140000,4.01,7,0.62475,0.05
S,internal,S3_ACCEL_V01,18,166090,하나머티리얼즈,2026-04-22,71400,1412125923600,2026-04-29,79600,11.48,7,0.60625,0.05
S,internal,S3_ACCEL_V01,19,039030,이오테크닉스,2026-04-22,483000,5950342650000,2026-04-29,516000,6.83,7,0.58725,0.05
S,internal,S3_ACCEL_V01,20,101490,에스앤에스텍,2026-04-22,101800,2171890682200,2026-04-29,101600,-0.2,7,0.5805,0.05
S,internal,S3_ACCEL_V01,1,417200,LS머트리얼즈,2026-04-29,31250,2114145593750,2026-05-06,30200,-3.36,7,0.813,0.05
S,internal,S3_ACCEL_V01,2,126340,비나텍,2026-04-29,183400,1310123035200,2026-05-06,193600,5.56,7,0.81,0.05
S,internal,S3_ACCEL_V01,3,036830,솔브레인홀딩스,2026-04-29,79600,1632116887600,2026-05-06,71200,-10.55,7,0.80375,0.05
S,internal,S3_ACCEL_V01,4,222080,씨아이에스,2026-04-29,18650,1450599685600,2026-05-06,16890,-9.44,7,0.79425,0.05
S,internal,S3_ACCEL_V01,5,131290,티에스이,2026-04-29,168800,1867169215200,2026-05-06,170100,0.77,7,0.7775,0.05
S,internal,S3_ACCEL_V01,6,420770,기가비스,2026-04-29,109100,1382925197800,2026-05-06,103400,-5.22,7,0.77075,0.05
S,internal,S3_ACCEL_V01,7,222800,심텍,2026-04-29,89300,3334660067400,2026-05-06,93800,5.04,7,0.77,0.05
S,internal,S3_ACCEL_V01,8,440110,파두,2026-04-29,81500,4081144040500,2026-05-06,78800,-3.31,7,0.76425,0.05
S,internal,S3_ACCEL_V01,9,178320,서진시스템,2026-04-29,56700,3372631044300,2026-05-06,59500,4.94,7,0.75975,0.05
S,internal,S3_ACCEL_V01,10,166090,하나머티리얼즈,2026-04-29,79600,1574302850400,2026-05-06,80700,1.38,7,0.749,0.05
S,internal,S3_ACCEL_V01,11,036930,주성엔지니어링,2026-04-29,125900,5851973133900,2026-05-06,127600,1.35,7,0.728,0.05
S,internal,S3_ACCEL_V01,12,084370,유진테크,2026-04-29,140000,3208245880000,2026-05-06,138700,-0.93,7,0.717,0.05
S,internal,S3_ACCEL_V01,13,039030,이오테크닉스,2026-04-29,516000,6356887800000,2026-05-06,479000,-7.17,7,0.71575,0.05
S,internal,S3_ACCEL_V01,14,089970,브이엠,2026-04-29,57400,1401231293000,2026-05-06,56800,-1.05,7,0.70275,0.05
S,internal,S3_ACCEL_V01,15,100790,미래에셋벤처투자,2026-04-29,57000,3028104138000,2026-05-06,55300,-2.98,7,0.70275,0.05
S,internal,S3_ACCEL_V01,16,095610,테스,2026-04-29,86600,1676576000000,2026-05-06,89700,3.58,7,0.66125,0.05
S,internal,S3_ACCEL_V01,17,082920,비츠로셀,2026-04-29,54900,2489137287300,2026-05-06,57000,3.83,7,0.65325,0.05
S,internal,S3_ACCEL_V01,18,078600,대주전자재료,2026-04-29,166600,2586985625000,2026-05-06,158600,-4.8,7,0.647,0.05
S,internal,S3_ACCEL_V01,19,281740,레이크머티리얼즈,2026-04-29,24600,1616971480800,2026-05-06,23800,-3.25,7,0.629,0.05
S,internal,S3_ACCEL_V01,20,005290,동진쎄미켐,2026-04-29,58400,3002606449600,2026-05-06,59100,1.2,7,0.61325,0.05
S,internal,S3_ACCEL_V01,1,161580,필옵틱스,2026-05-06,63000,1476861561000,2026-05-13,53600,-14.92,7,0.80425,0.05
S,internal,S3_ACCEL_V01,2,060370,LS마린솔루션,2026-05-06,50100,2617166585400,2026-05-13,39050,-22.06,7,0.79575,0.05
S,internal,S3_ACCEL_V01,3,131290,티에스이,2026-05-06,170100,1881549072900,2026-05-13,189500,11.41,7,0.7945,0.05
S,internal,S3_ACCEL_V01,4,126340,비나텍,2026-05-06,193600,1382987020800,2026-05-13,166200,-14.15,7,0.781,0.05
S,internal,S3_ACCEL_V01,5,222800,심텍,2026-05-06,93800,3502700048400,2026-05-13,114200,21.75,7,0.7785,0.05
S,internal,S3_ACCEL_V01,6,080220,제주반도체,2026-05-06,58500,2014905730500,2026-05-13,58900,0.68,7,0.7625,0.05
S,internal,S3_ACCEL_V01,7,232140,와이씨,2026-05-06,23700,1944474795000,2026-05-13,19790,-16.5,7,0.75775,0.05
S,internal,S3_ACCEL_V01,8,440110,파두,2026-05-06,78800,3947629967600,2026-05-13,100000,26.9,7,0.732,0.05
S,internal,S3_ACCEL_V01,9,036930,주성엔지니어링,2026-05-06,127600,5930991039600,2026-05-13,168000,31.66,7,0.72375,0.05
S,internal,S3_ACCEL_V01,10,166090,하나머티리얼즈,2026-05-06,80700,1596058291800,2026-05-13,79000,-2.11,7,0.701,0.05
S,internal,S3_ACCEL_V01,11,417200,LS머트리얼즈,2026-05-06,30200,2043110301800,2026-05-13,23650,-21.69,7,0.69125,0.05
S,internal,S3_ACCEL_V01,12,036830,솔브레인홀딩스,2026-05-06,71200,1459883447200,2026-05-13,61000,-14.33,7,0.68325,0.05
S,internal,S3_ACCEL_V01,13,100790,미래에셋벤처투자,2026-05-06,55300,2937792260200,2026-05-13,57600,4.16,7,0.6775,0.05
S,internal,S3_ACCEL_V01,14,084370,유진테크,2026-05-06,138700,3178455025400,2026-05-13,133600,-3.68,7,0.67075,0.05
S,internal,S3_ACCEL_V01,15,095610,테스,2026-05-06,89700,1736592000000,2026-05-13,122500,36.57,7,0.65325,0.05
S,internal,S3_ACCEL_V01,16,420770,기가비스,2026-05-06,103400,1310673377200,2026-05-13,127100,22.92,7,0.65125,0.05
S,internal,S3_ACCEL_V01,17,089970,브이엠,2026-05-06,56800,1407049316000,2026-05-13,58100,2.29,7,0.6435,0.05
S,internal,S3_ACCEL_V01,18,281740,레이크머티리얼즈,2026-05-06,23800,1564387042400,2026-05-13,20300,-14.71,7,0.6315,0.05
S,internal,S3_ACCEL_V01,19,222080,씨아이에스,2026-05-06,16890,1313706632160,2026-05-13,14430,-14.56,7,0.62725,0.05
S,internal,S3_ACCEL_V01,20,005290,동진쎄미켐,2026-05-06,59100,3038596595400,2026-05-13,57700,-2.37,7,0.59075,0.05
S,internal,S3_ACCEL_V01,1,420770,기가비스,2026-05-13,127100,1611088841800,2026-05-15,119800,-5.74,2,0.85075,0.05
S,internal,S3_ACCEL_V01,2,131290,티에스이,2026-05-13,189500,2096140795500,2026-05-15,181500,-4.22,2,0.848,0.05
S,internal,S3_ACCEL_V01,3,095610,테스,2026-05-13,122500,2371600000000,2026-05-15,118100,-3.59,2,0.80025,0.05
S,internal,S3_ACCEL_V01,4,183300,코미코,2026-05-13,187000,1956147908000,2026-05-15,156100,-16.52,2,0.7915,0.05
S,internal,S3_ACCEL_V01,5,319400,현대무벡스,2026-05-13,43650,4861564102350,2026-05-15,41100,-5.84,2,0.7795,0.05
S,internal,S3_ACCEL_V01,6,080220,제주반도체,2026-05-13,58900,2028682863700,2026-05-15,82300,39.73,2,0.75775,0.05
S,internal,S3_ACCEL_V01,7,036930,주성엔지니어링,2026-05-13,168000,7808828328000,2026-05-15,140200,-16.55,2,0.749,0.05
S,internal,S3_ACCEL_V01,8,031980,피에스케이홀딩스,2026-05-13,134800,2906610846000,2026-05-15,121000,-10.24,2,0.74625,0.05
S,internal,S3_ACCEL_V01,9,277810,레인보우로보틱스,2026-05-13,878000,17033075324000,2026-05-15,810000,-7.74,2,0.7355,0.05
S,internal,S3_ACCEL_V01,10,440110,파두,2026-05-13,100000,5009682700000,2026-05-15,100100,0.1,2,0.731,0.05
S,internal,S3_ACCEL_V01,11,222800,심텍,2026-05-13,114200,4278380920200,2026-05-15,100300,-12.17,2,0.71,0.05
S,internal,S3_ACCEL_V01,12,126340,비나텍,2026-05-13,166200,1187254353600,2026-05-15,155100,-6.68,2,0.69275,0.05
S,internal,S3_ACCEL_V01,13,166090,하나머티리얼즈,2026-05-13,79000,1562436246000,2026-05-15,70800,-10.38,2,0.6795,0.05
S,internal,S3_ACCEL_V01,14,100790,미래에셋벤처투자,2026-05-13,57600,3059978918400,2026-05-15,54900,-4.69,2,0.67425,0.05
S,internal,S3_ACCEL_V01,15,084370,유진테크,2026-05-13,133600,3061583211200,2026-05-15,117400,-12.13,2,0.67175,0.05
S,internal,S3_ACCEL_V01,16,036830,솔브레인홀딩스,2026-05-13,61000,1250742841000,2026-05-15,56800,-6.89,2,0.667,0.05
S,internal,S3_ACCEL_V01,17,161580,필옵틱스,2026-05-13,53600,1256504439200,2026-05-15,49000,-8.58,2,0.63725,0.05
S,internal,S3_ACCEL_V01,18,060370,LS마린솔루션,2026-05-13,39050,2039927248700,2026-05-15,35950,-7.94,2,0.62525,0.05
S,internal,S3_ACCEL_V01,19,417200,LS머트리얼즈,2026-05-13,23650,1599985385350,2026-05-15,22300,-5.71,2,0.5985,0.05
S,internal,S3_ACCEL_V01,20,232140,와이씨,2026-05-13,19790,1623677476500,2026-05-15,18400,-7.02,2,0.587,0.05
S,internal,S3_CORE2,1,327260,RF머트리얼즈,2026-03-04,42300,,2026-03-11,66500,57.21,7,0.951631,0.05
S,internal,S3_CORE2,2,042700,한미반도체,2026-03-04,259000,24685859800000,2026-03-11,312500,20.66,7,0.948568,0.05
S,internal,S3_CORE2,3,124500,아이티센글로벌,2026-03-04,47900,,2026-03-11,67200,40.29,7,0.782355,0.05
S,internal,S3_CORE2,4,111770,영원무역,2026-03-04,86000,,2026-03-11,89200,3.72,7,0.771861,0.05
S,internal,S3_CORE2,5,240810,원익IPS,2026-03-04,107500,5276519357500,2026-03-11,120000,11.63,7,0.739835,0.05
S,internal,S3_CORE2,6,032820,우리기술,2026-03-04,12760,2128030549040,2026-03-11,22700,77.9,7,0.688392,0.05
S,internal,S3_CORE2,7,126340,비나텍,2026-03-04,105200,,2026-03-11,147500,40.21,7,0.630649,0.05
S,internal,S3_CORE2,8,174900,앱클론,2026-03-04,52600,,2026-03-11,73000,38.78,7,0.560308,0.05
S,internal,S3_CORE2,9,010170,대한광통신,2026-03-04,3800,501545508000,2026-03-11,7160,88.42,7,0.537458,0.05
S,internal,S3_CORE2,10,189300,인텔리안테크,2026-03-04,100000,1073749700000,2026-03-11,140100,40.1,7,0.532486,0.05
S,internal,S3_CORE2,11,950160,코오롱티슈진,2026-03-04,91100,,2026-03-11,98800,8.45,7,0.516213,0.05
S,internal,S3_CORE2,12,102940,코오롱생명과학,2026-03-04,50500,,2026-03-11,57100,13.07,7,0.474219,0.05
S,internal,S3_CORE2,13,445680,큐리옥스바이오시스템즈,2026-03-04,89800,1537361003400,2026-03-11,90800,1.11,7,0.435373,0.05
S,internal,S3_CORE2,14,100790,미래에셋벤처투자,2026-03-04,17700,940306021800,2026-03-11,22750,28.53,7,0.346135,0.05
S,internal,S3_CORE2,15,030530,원익홀딩스,2026-03-04,26550,2050668395550,2026-03-11,32350,21.85,7,0.322513,0.05
S,internal,S3_CORE2,16,086520,에코프로,2026-03-04,133800,18166849137600,2026-03-11,161600,20.78,7,0.298891,0.05
S,internal,S3_CORE2,17,466100,클로봇,2026-03-04,50800,1269600661200,2026-03-11,58200,14.57,7,0.241148,0.05
S,internal,S3_CORE2,18,319400,현대무벡스,2026-03-04,25500,2840088994500,2026-03-11,32550,27.65,7,0.146135,0.05
S,internal,S3_CORE2,19,437730,삼현,2026-03-04,42800,1357083867600,2026-03-11,51700,20.79,7,0.141935,0.05
S,internal,S3_CORE2,20,007810,코리아써키트,2026-03-04,45100,,2026-03-11,53200,17.96,7,0.054518,0.05
S,internal,S3_CORE2,1,010170,대한광통신,2026-03-11,7160,945017325600,2026-03-18,7030,-1.82,7,0.993626,0.05
S,internal,S3_CORE2,2,218410,RFHIC,2026-03-11,89600,2379188403200,2026-03-18,78300,-12.61,7,0.992848,0.05
S,internal,S3_CORE2,3,043260,성호전자,2026-03-11,48000,3404295504000,2026-03-18,42500,-11.46,7,0.989173,0.05
S,internal,S3_CORE2,4,448900,한국피아이엠,2026-03-11,137000,,2026-03-18,109400,-20.15,7,0.983652,0.05
S,internal,S3_CORE2,5,032820,우리기술,2026-03-11,22700,3785759675800,2026-03-18,29300,29.07,7,0.983399,0.05
S,internal,S3_CORE2,6,376900,로킷헬스케어,2026-03-11,97000,1519164433000,2026-03-18,128700,32.68,7,0.982349,0.05
S,internal,S3_CORE2,7,327260,RF머트리얼즈,2026-03-11,66500,,2026-03-18,55700,-16.24,7,0.979453,0.05
S,internal,S3_CORE2,8,126340,비나텍,2026-03-11,147500,,2026-03-18,135600,-8.07,7,0.923557,0.05
S,internal,S3_CORE2,9,189300,인텔리안테크,2026-03-11,140100,1504323329700,2026-03-18,127400,-9.06,7,0.921982,0.05
S,internal,S3_CORE2,10,124500,아이티센글로벌,2026-03-11,67200,,2026-03-18,67000,-0.3,7,0.907809,0.05
S,internal,S3_CORE2,11,174900,앱클론,2026-03-11,73000,,2026-03-18,81000,10.96,7,0.791798,0.05
S,internal,S3_CORE2,12,240810,원익IPS,2026-03-11,120000,5890068120000,2026-03-18,124500,3.75,7,0.726706,0.05
S,internal,S3_CORE2,13,042700,한미반도체,2026-03-11,312500,29785062500000,2026-03-18,311000,-0.48,7,0.679277,0.05
S,internal,S3_CORE2,14,950160,코오롱티슈진,2026-03-11,98800,,2026-03-18,100700,1.92,7,0.565551,0.05
S,internal,S3_CORE2,15,100790,미래에셋벤처투자,2026-03-11,22750,1208585423500,2026-03-18,24050,5.71,7,0.541929,0.05
S,internal,S3_CORE2,16,319400,현대무벡스,2026-03-11,32550,3625290069450,2026-03-18,30900,-5.07,7,0.519882,0.05
S,internal,S3_CORE2,17,111770,영원무역,2026-03-11,89200,,2026-03-18,87800,-1.57,7,0.435387,0.05
S,internal,S3_CORE2,18,007810,코리아써키트,2026-03-11,53200,,2026-03-18,60200,13.16,7,0.302287,0.05
S,internal,S3_CORE2,19,086520,에코프로,2026-03-11,161600,21941426163200,2026-03-18,154000,-4.7,7,0.297835,0.05
S,internal,S3_CORE2,20,102940,코오롱생명과학,2026-03-11,57100,,2026-03-18,61100,7.01,7,0.169751,0.05
S,internal,S3_CORE2,1,032820,우리기술,2026-03-18,29300,4954177227100,2026-03-25,25850,-11.77,7,0.990941,0.05
S,internal,S3_CORE2,2,376900,로킷헬스케어,2026-03-18,128700,2025575709300,2026-03-25,120300,-6.53,7,0.980981,0.05
S,internal,S3_CORE2,3,174900,앱클론,2026-03-18,81000,,2026-03-25,66900,-17.41,7,0.893369,0.05
S,internal,S3_CORE2,4,327260,RF머트리얼즈,2026-03-18,55700,,2026-03-25,70600,26.75,7,0.846856,0.05
S,internal,S3_CORE2,5,124500,아이티센글로벌,2026-03-18,67000,,2026-03-25,51200,-23.58,7,0.846298,0.05
S,internal,S3_CORE2,6,010170,대한광통신,2026-03-18,7030,927859189800,2026-03-25,9170,30.44,7,0.845998,0.05
S,internal,S3_CORE2,7,448900,한국피아이엠,2026-03-18,109400,,2026-03-25,121900,11.43,7,0.832295,0.05
S,internal,S3_CORE2,8,100790,미래에셋벤처투자,2026-03-18,24050,1277647447700,2026-03-25,27000,12.27,7,0.784402,0.05
S,internal,S3_CORE2,9,007810,코리아써키트,2026-03-18,60200,,2026-03-25,79500,32.06,7,0.74169,0.05
S,internal,S3_CORE2,10,043260,성호전자,2026-03-18,42500,3014219977500,2026-03-25,48500,14.12,7,0.715004,0.05
S,internal,S3_CORE2,11,218410,RFHIC,2026-03-18,78300,2079134508600,2026-03-25,88600,13.15,7,0.712366,0.05
S,internal,S3_CORE2,12,042700,한미반도체,2026-03-18,311000,29642094200000,2026-03-25,300000,-3.54,7,0.689814,0.05
S,internal,S3_CORE2,13,126340,비나텍,2026-03-18,135600,,2026-03-25,116600,-14.01,7,0.67805,0.05
S,internal,S3_CORE2,14,102940,코오롱생명과학,2026-03-18,61100,,2026-03-25,58000,-5.07,7,0.601066,0.05
S,internal,S3_CORE2,15,950160,코오롱티슈진,2026-03-18,100700,,2026-03-25,102300,1.59,7,0.584691,0.05
S,internal,S3_CORE2,16,189300,인텔리안테크,2026-03-18,127400,1367957117800,2026-03-25,133200,4.55,7,0.446067,0.05
S,internal,S3_CORE2,17,319400,현대무벡스,2026-03-18,30900,3441519605100,2026-03-25,28000,-9.39,7,0.403695,0.05
S,internal,S3_CORE2,18,111770,영원무역,2026-03-18,87800,,2026-03-25,81800,-6.83,7,0.380535,0.05
S,internal,S3_CORE2,19,240810,원익IPS,2026-03-18,124500,6110945674500,2026-03-25,130400,4.74,7,0.3566,0.05
S,internal,S3_CORE2,20,086520,에코프로,2026-03-18,154000,20909527408000,2026-03-25,151300,-1.75,7,0.310807,0.05
S,internal,S3_CORE2,1,050890,쏠리드,2026-03-25,15910,,2026-04-01,14570,-8.42,7,0.994154,0.05
S,internal,S3_CORE2,2,010170,대한광통신,2026-03-25,9170,1425803502200,2026-04-01,9410,2.62,7,0.963565,0.05
S,internal,S3_CORE2,3,007810,코리아써키트,2026-03-25,79500,,2026-04-01,75200,-5.41,7,0.95217,0.05
S,internal,S3_CORE2,4,218410,RFHIC,2026-03-25,88600,2352634961200,2026-04-01,94200,6.32,7,0.943496,0.05
S,internal,S3_CORE2,5,100790,미래에셋벤처투자,2026-03-25,27000,1434365118000,2026-04-01,28400,5.19,7,0.926391,0.05
S,internal,S3_CORE2,6,376900,로킷헬스케어,2026-03-25,120300,1893370301700,2026-04-01,147900,22.94,7,0.864257,0.05
S,internal,S3_CORE2,7,174900,앱클론,2026-03-25,66900,,2026-04-01,60700,-9.27,7,0.838577,0.05
S,internal,S3_CORE2,8,327260,RF머트리얼즈,2026-03-25,70600,,2026-04-01,69600,-1.42,7,0.835486,0.05
S,internal,S3_CORE2,9,032820,우리기술,2026-03-25,25850,4422838889700,2026-04-01,22050,-14.7,7,0.83121,0.05
S,internal,S3_CORE2,10,189300,인텔리안테크,2026-03-25,133200,1430234600400,2026-04-01,119500,-10.29,7,0.831095,0.05
S,internal,S3_CORE2,11,448900,한국피아이엠,2026-03-25,121900,,2026-04-01,113600,-6.81,7,0.815517,0.05
S,internal,S3_CORE2,12,950160,코오롱티슈진,2026-03-25,102300,,2026-04-01,108500,6.06,7,0.773029,0.05
S,internal,S3_CORE2,13,240810,원익IPS,2026-03-25,130400,6400540690400,2026-04-01,117900,-9.59,7,0.710041,0.05
S,internal,S3_CORE2,14,043260,성호전자,2026-03-25,48500,3439756915500,2026-04-01,47400,-2.27,7,0.690426,0.05
S,internal,S3_CORE2,15,124500,아이티센글로벌,2026-03-25,51200,,2026-04-01,49650,-3.03,7,0.684061,0.05
S,internal,S3_CORE2,16,126340,비나텍,2026-03-25,116600,,2026-04-01,119500,2.49,7,0.677721,0.05
S,internal,S3_CORE2,17,102940,코오롱생명과학,2026-03-25,58000,,2026-04-01,59000,1.72,7,0.646785,0.05
S,internal,S3_CORE2,18,042700,한미반도체,2026-03-25,300000,28593660000000,2026-04-01,273500,-8.83,7,0.616517,0.05
S,internal,S3_CORE2,19,086520,에코프로,2026-03-25,151300,20542931797600,2026-04-01,149100,-1.45,7,0.254321,0.05
S,internal,S3_CORE2,20,319400,현대무벡스,2026-03-25,28000,3118529092000,2026-04-01,25750,-8.04,7,0.122632,0.05
S,internal,S3_CORE2,1,047040,대우건설,2026-04-01,19430,8075547856340,2026-04-08,22550,16.06,7,0.990653,0.05
S,internal,S3_CORE2,2,376900,로킷헬스케어,2026-04-01,147900,2327759498100,2026-04-08,94400,-36.17,7,0.983148,0.05
S,internal,S3_CORE2,3,050890,쏠리드,2026-04-01,14570,,2026-04-08,15100,3.64,7,0.972684,0.05
S,internal,S3_CORE2,4,010170,대한광통신,2026-04-01,9410,1463120060600,2026-04-08,14690,56.11,7,0.969871,0.05
S,internal,S3_CORE2,5,218410,RFHIC,2026-04-01,94200,2501334236400,2026-04-08,85100,-9.66,7,0.955321,0.05
S,internal,S3_CORE2,6,043260,성호전자,2026-04-01,47400,3361741810200,2026-04-08,42600,-10.13,7,0.939655,0.05
S,internal,S3_CORE2,7,100790,미래에셋벤처투자,2026-04-01,28400,1508739605600,2026-04-08,29650,4.4,7,0.936976,0.05
S,internal,S3_CORE2,8,007810,코리아써키트,2026-04-01,75200,,2026-04-08,79400,5.59,7,0.886234,0.05
S,internal,S3_CORE2,9,327260,RF머트리얼즈,2026-04-01,69600,,2026-04-08,71800,3.16,7,0.722348,0.05
S,internal,S3_CORE2,10,950160,코오롱티슈진,2026-04-01,108500,,2026-04-08,101500,-6.45,7,0.625856,0.05
S,internal,S3_CORE2,11,032820,우리기술,2026-04-01,22050,3772673018100,2026-04-08,23650,7.26,7,0.617637,0.05
S,internal,S3_CORE2,12,102940,코오롱생명과학,2026-04-01,59000,,2026-04-08,56600,-4.07,7,0.562946,0.05
S,internal,S3_CORE2,13,189300,인텔리안테크,2026-04-01,119500,1283130891500,2026-04-08,119300,-0.17,7,0.531938,0.05
S,internal,S3_CORE2,14,126340,비나텍,2026-04-01,119500,,2026-04-08,100900,-15.56,7,0.477801,0.05
S,internal,S3_CORE2,15,174900,앱클론,2026-04-01,60700,,2026-04-08,53500,-11.86,7,0.472317,0.05
S,internal,S3_CORE2,16,240810,원익IPS,2026-04-01,117900,5786991927900,2026-04-08,121400,2.97,7,0.443098,0.05
S,internal,S3_CORE2,17,086520,에코프로,2026-04-01,149100,20244224263200,2026-04-08,153100,2.68,7,0.400232,0.05
S,internal,S3_CORE2,18,042700,한미반도체,2026-04-01,273500,26067886700000,2026-04-08,280500,2.56,7,0.373739,0.05
S,internal,S3_CORE2,19,448900,한국피아이엠,2026-04-01,113600,,2026-04-08,93000,-18.13,7,0.35212,0.05
S,internal,S3_CORE2,20,124500,아이티센글로벌,2026-04-01,49650,,2026-04-08,48550,-2.22,7,0.226583,0.05
S,internal,S3_CORE2,1,375500,DL이앤씨,2026-04-08,95200,,2026-04-15,102500,7.67,7,0.993742,0.05
S,internal,S3_CORE2,2,010170,대한광통신,2026-04-08,14690,2284084345400,2026-04-15,19800,34.79,7,0.983531,0.05
S,internal,S3_CORE2,3,047040,대우건설,2026-04-08,22550,9372290486900,2026-04-15,28500,26.39,7,0.98337,0.05
S,internal,S3_CORE2,4,007810,코리아써키트,2026-04-08,79400,,2026-04-15,86900,9.45,7,0.839579,0.05
S,internal,S3_CORE2,5,327260,RF머트리얼즈,2026-04-08,71800,,2026-04-15,97000,35.1,7,0.838223,0.05
S,internal,S3_CORE2,6,100790,미래에셋벤처투자,2026-04-08,29650,1575145398100,2026-04-15,39550,33.39,7,0.771631,0.05
S,internal,S3_CORE2,7,032820,우리기술,2026-04-08,23650,4046427069300,2026-04-15,21750,-8.03,7,0.736238,0.05
S,internal,S3_CORE2,8,240810,원익IPS,2026-04-08,121400,5958785581400,2026-04-15,122600,0.99,7,0.670278,0.05
S,internal,S3_CORE2,9,050890,쏠리드,2026-04-08,15100,,2026-04-15,18160,20.26,7,0.594617,0.05
S,internal,S3_CORE2,10,950160,코오롱티슈진,2026-04-08,101500,,2026-04-15,104800,3.25,7,0.432989,0.05
S,internal,S3_CORE2,11,086520,에코프로,2026-04-08,153100,20787328871200,2026-04-15,147900,-3.4,7,0.427093,0.05
S,internal,S3_CORE2,12,042700,한미반도체,2026-04-08,280500,26735072100000,2026-04-15,295000,5.17,7,0.401704,0.05
S,internal,S3_CORE2,13,126340,비나텍,2026-04-08,100900,,2026-04-15,133000,31.81,7,0.401519,0.05
S,internal,S3_CORE2,14,376900,로킷헬스케어,2026-04-08,94400,1485736961600,2026-04-15,105700,11.97,7,0.394346,0.05
S,internal,S3_CORE2,15,102940,코오롱생명과학,2026-04-08,56600,,2026-04-15,59000,4.24,7,0.32573,0.05
S,internal,S3_CORE2,16,218410,RFHIC,2026-04-08,85100,2259697914200,2026-04-15,96600,13.51,7,0.324241,0.05
S,internal,S3_CORE2,17,043260,성호전자,2026-04-08,42600,3021312259800,2026-04-15,51100,19.95,7,0.26023,0.05
S,internal,S3_CORE2,18,189300,인텔리안테크,2026-04-08,119300,1280983392100,2026-04-15,137000,14.84,7,0.130126,0.05
S,internal,S3_CORE2,19,448900,한국피아이엠,2026-04-08,93000,,2026-04-15,93300,0.32,7,0.079335,0.05
S,internal,S3_CORE2,20,124500,아이티센글로벌,2026-04-08,48550,,2026-04-15,54000,11.23,7,0.063672,0.05
S,internal,S3_CORE2,1,027360,아주IB투자,2026-04-15,12100,1465859412600,2026-04-22,14150,16.94,7,0.978803,0.05
S,internal,S3_CORE2,2,047040,대우건설,2026-04-15,28500,11710867683000,2026-04-22,32550,14.21,7,0.972918,0.05
S,internal,S3_CORE2,3,100790,미래에셋벤처투자,2026-04-15,39550,2101079274700,2026-04-22,57700,45.89,7,0.966989,0.05
S,internal,S3_CORE2,4,050890,쏠리드,2026-04-15,18160,,2026-04-22,16670,-8.2,7,0.9466,0.05
S,internal,S3_CORE2,5,043260,성호전자,2026-04-15,51100,3624156255300,2026-04-22,51600,0.98,7,0.891127,0.05
S,internal,S3_CORE2,6,375500,DL이앤씨,2026-04-15,102500,,2026-04-22,98000,-4.39,7,0.878341,0.05
S,internal,S3_CORE2,7,327260,RF머트리얼즈,2026-04-15,97000,,2026-04-22,101600,4.74,7,0.850566,0.05
S,internal,S3_CORE2,8,189300,인텔리안테크,2026-04-15,137000,1471037089000,2026-04-22,135800,-0.88,7,0.809386,0.05
S,internal,S3_CORE2,9,010170,대한광통신,2026-04-15,19800,3078616068000,2026-04-22,15220,-23.13,7,0.730272,0.05
S,internal,S3_CORE2,10,218410,RFHIC,2026-04-15,96600,2565062497200,2026-04-22,105500,9.21,7,0.66975,0.05
S,internal,S3_CORE2,11,007810,코리아써키트,2026-04-15,86900,,2026-04-22,95400,9.78,7,0.666195,0.05
S,internal,S3_CORE2,12,950160,코오롱티슈진,2026-04-15,104800,,2026-04-22,99500,-5.06,7,0.539977,0.05
S,internal,S3_CORE2,13,240810,원익IPS,2026-04-15,122600,6017686262600,2026-04-22,119100,-2.85,7,0.531153,0.05
S,internal,S3_CORE2,14,126340,비나텍,2026-04-15,133000,,2026-04-22,142600,7.22,7,0.527477,0.05
S,internal,S3_CORE2,15,042700,한미반도체,2026-04-15,295000,28117099000000,2026-04-22,293500,-0.51,7,0.458273,0.05
S,internal,S3_CORE2,16,086520,에코프로,2026-04-15,147900,20081292880800,2026-04-22,164300,11.09,7,0.40095,0.05
S,internal,S3_CORE2,17,102940,코오롱생명과학,2026-04-15,59000,,2026-04-22,55800,-5.42,7,0.292063,0.05
S,internal,S3_CORE2,18,124500,아이티센글로벌,2026-04-15,54000,,2026-04-22,47600,-11.85,7,0.179114,0.05
S,internal,S3_CORE2,19,032820,우리기술,2026-04-15,21750,3721344133500,2026-04-22,22050,1.38,7,0.137832,0.05
S,internal,S3_CORE2,20,376900,로킷헬스케어,2026-04-15,105700,1663584712300,2026-04-22,90900,-14.0,7,0.104444,0.05
S,internal,S3_CORE2,1,100790,미래에셋벤처투자,2026-04-22,57700,3065291381800,2026-04-29,57000,-1.21,7,0.979265,0.05
S,internal,S3_CORE2,2,027360,아주IB투자,2026-04-22,14150,1714207494900,2026-04-29,16580,17.17,7,0.971321,0.05
S,internal,S3_CORE2,3,126340,비나텍,2026-04-22,142600,1018667092800,2026-04-29,183400,28.61,7,0.791152,0.05
S,internal,S3_CORE2,4,218410,RFHIC,2026-04-22,105500,2801388131000,2026-04-29,91600,-13.18,7,0.713115,0.05
S,internal,S3_CORE2,5,047040,대우건설,2026-04-22,32550,13375043616900,2026-04-29,36900,13.36,7,0.699832,0.05
S,internal,S3_CORE2,6,086520,에코프로,2026-04-22,164300,22308021773600,2026-04-29,159900,-2.68,7,0.675906,0.05
S,internal,S3_CORE2,7,007810,코리아써키트,2026-04-22,95400,2287941948000,2026-04-29,95400,0.0,7,0.660673,0.05
S,internal,S3_CORE2,8,327260,RF머트리얼즈,2026-04-22,101600,863105716000,2026-04-29,87400,-13.98,7,0.648012,0.05
S,internal,S3_CORE2,9,010170,대한광통신,2026-04-22,15220,2366491745200,2026-04-29,15070,-0.99,7,0.614215,0.05
S,internal,S3_CORE2,10,375500,DL이앤씨,2026-04-22,98000,3791975054000,2026-04-29,101100,3.16,7,0.601577,0.05
S,internal,S3_CORE2,11,240810,원익IPS,2026-04-22,119100,5845892609100,2026-04-29,120800,1.43,7,0.394769,0.05
S,internal,S3_CORE2,12,042700,한미반도체,2026-04-22,293500,27974130700000,2026-04-29,357500,21.81,7,0.386937,0.05
S,internal,S3_CORE2,13,043260,성호전자,2026-04-22,51600,3659617666800,2026-04-29,43800,-15.12,7,0.35911,0.05
S,internal,S3_CORE2,14,189300,인텔리안테크,2026-04-22,135800,1458152092600,2026-04-29,137200,1.03,7,0.328103,0.05
S,internal,S3_CORE2,15,050890,쏠리드,2026-04-22,16670,1012811421780,2026-04-29,16070,-3.6,7,0.286771,0.05
S,internal,S3_CORE2,16,124500,아이티센글로벌,2026-04-22,47600,1104535485200,2026-04-29,54800,15.13,7,0.280557,0.05
S,internal,S3_CORE2,17,950160,코오롱티슈진,2026-04-22,99500,8431236975000,2026-04-29,107400,7.94,7,0.173796,0.05
S,internal,S3_CORE2,18,102940,코오롱생명과학,2026-04-22,55800,730455647400,2026-04-29,60600,8.6,7,0.141238,0.05
S,internal,S3_CORE2,19,032820,우리기술,2026-04-22,22050,3772673018100,2026-04-29,22300,1.13,7,0.042314,0.05
S,internal,S3_CORE2,20,376900,로킷헬스케어,2026-04-22,90900,1430651375100,2026-04-29,81500,-10.34,7,0.025777,0.05
S,internal,S3_CORE2,1,027360,아주IB투자,2026-04-29,16580,2008590831480,2026-05-06,15570,-6.09,7,0.972506,0.05
S,internal,S3_CORE2,2,126340,비나텍,2026-04-29,183400,1310123035200,2026-05-06,193600,5.56,7,0.957274,0.05
S,internal,S3_CORE2,3,042700,한미반도체,2026-04-29,357500,34074111500000,2026-05-06,394500,10.35,7,0.740736,0.05
S,internal,S3_CORE2,4,100790,미래에셋벤처투자,2026-04-29,57000,3028104138000,2026-05-06,55300,-2.98,7,0.713058,0.05
S,internal,S3_CORE2,5,047040,대우건설,2026-04-29,36900,15162491842200,2026-05-06,32200,-12.74,7,0.622718,0.05
S,internal,S3_CORE2,6,010170,대한광통신,2026-04-29,15070,2343168896200,2026-05-06,18270,21.23,7,0.605925,0.05
S,internal,S3_CORE2,7,124500,아이티센글로벌,2026-04-29,54800,1271608079600,2026-05-06,60200,9.85,7,0.583495,0.05
S,internal,S3_CORE2,8,375500,DL이앤씨,2026-04-29,101100,3911925285300,2026-05-06,93100,-7.91,7,0.536793,0.05
S,internal,S3_CORE2,9,327260,RF머트리얼즈,2026-04-29,87400,742474799000,2026-05-06,112000,28.15,7,0.483248,0.05
S,internal,S3_CORE2,10,007810,코리아써키트,2026-04-29,95400,2287941948000,2026-05-06,94900,-0.52,7,0.427721,0.05
S,internal,S3_CORE2,11,086520,에코프로,2026-04-29,159900,21710606704800,2026-05-06,162800,1.81,7,0.418971,0.05
S,internal,S3_CORE2,12,043260,성호전자,2026-04-29,43800,3106419647400,2026-05-06,40600,-7.31,7,0.407146,0.05
S,internal,S3_CORE2,13,218410,RFHIC,2026-04-29,91600,2432295287200,2026-05-06,96400,5.24,7,0.392236,0.05
S,internal,S3_CORE2,14,050890,쏠리드,2026-04-29,16070,976357501380,2026-05-06,18440,14.75,7,0.351629,0.05
S,internal,S3_CORE2,15,240810,원익IPS,2026-04-29,120800,5929335240800,2026-05-06,129000,6.79,7,0.336195,0.05
S,internal,S3_CORE2,16,189300,인텔리안테크,2026-04-29,137200,1473184588400,2026-05-06,153600,11.95,7,0.321799,0.05
S,internal,S3_CORE2,17,102940,코오롱생명과학,2026-04-29,60600,793290541800,2026-05-06,59400,-1.98,7,0.255179,0.05
S,internal,S3_CORE2,18,950160,코오롱티슈진,2026-04-29,107400,9100651770000,2026-05-06,103600,-3.54,7,0.151323,0.05
S,internal,S3_CORE2,19,032820,우리기술,2026-04-29,22300,3815447088600,2026-05-06,21250,-4.71,7,0.130539,0.05
S,internal,S3_CORE2,20,376900,로킷헬스케어,2026-04-29,81500,1282707228500,2026-05-06,76000,-6.75,7,0.08838,0.05
S,internal,S3_CORE2,1,126340,비나텍,2026-05-06,193600,1382987020800,2026-05-13,166200,-14.15,7,0.85856,0.05
S,internal,S3_CORE2,2,042700,한미반도체,2026-05-06,394500,37600662900000,2026-05-13,400500,1.52,7,0.798834,0.05
S,internal,S3_CORE2,3,189300,인텔리안테크,2026-05-06,153600,1649279539200,2026-05-13,170600,11.07,7,0.773727,0.05
S,internal,S3_CORE2,4,007810,코리아써키트,2026-05-06,94900,2275950638000,2026-05-13,103900,9.48,7,0.761911,0.05
S,internal,S3_CORE2,5,327260,RF머트리얼즈,2026-05-06,112000,951455120000,2026-05-13,117700,5.09,7,0.74803,0.05
S,internal,S3_CORE2,6,240810,원익IPS,2026-05-06,129000,6331823229000,2026-05-13,131200,1.71,7,0.670899,0.05
S,internal,S3_CORE2,7,010170,대한광통신,2026-05-06,18270,2840723008200,2026-05-13,24750,35.47,7,0.664537,0.05
S,internal,S3_CORE2,8,050890,쏠리드,2026-05-06,18440,1120350486960,2026-05-13,16650,-9.71,7,0.652914,0.05
S,internal,S3_CORE2,9,100790,미래에셋벤처투자,2026-05-06,55300,2937792260200,2026-05-13,57600,4.16,7,0.611773,0.05
S,internal,S3_CORE2,10,047040,대우건설,2026-05-06,32200,13231225943600,2026-05-13,28950,-10.09,7,0.60061,0.05
S,internal,S3_CORE2,11,124500,아이티센글로벌,2026-05-06,60200,1396912525400,2026-05-13,54800,-8.97,7,0.591722,0.05
S,internal,S3_CORE2,12,027360,아주IB투자,2026-05-06,15570,1886233971420,2026-05-13,15710,0.9,7,0.58793,0.05
S,internal,S3_CORE2,13,086520,에코프로,2026-05-06,162800,22104357545600,2026-05-13,135000,-17.08,7,0.546991,0.05
S,internal,S3_CORE2,14,375500,DL이앤씨,2026-05-06,93100,3602376301300,2026-05-13,83200,-10.63,7,0.485379,0.05
S,internal,S3_CORE2,15,102940,코오롱생명과학,2026-05-06,59400,777581818200,2026-05-13,59400,0.0,7,0.423817,0.05
S,internal,S3_CORE2,16,950160,코오롱티슈진,2026-05-06,103600,8778654780000,2026-05-13,122800,18.53,7,0.342069,0.05
S,internal,S3_CORE2,17,218410,RFHIC,2026-05-06,96400,2559751808800,2026-05-13,105300,9.23,7,0.341336,0.05
S,internal,S3_CORE2,18,032820,우리기술,2026-05-06,21250,3635795992500,2026-05-13,18140,-14.64,7,0.157274,0.05
S,internal,S3_CORE2,19,043260,성호전자,2026-05-06,40600,2879466613800,2026-05-13,44500,9.61,7,0.118714,0.05
S,internal,S3_CORE2,20,376900,로킷헬스케어,2026-05-06,76000,1196144164000,2026-05-13,70000,-7.89,7,0.043135,0.05
S,internal,S3_CORE2,1,950160,코오롱티슈진,2026-05-13,122800,10405586940000,2026-05-15,111600,-9.12,2,0.764788,0.05
S,internal,S3_CORE2,2,189300,인텔리안테크,2026-05-13,170600,1831816988200,2026-05-15,162000,-5.04,2,0.756363,0.05
S,internal,S3_CORE2,3,010170,대한광통신,2026-05-13,24750,3848270085000,2026-05-15,23000,-7.07,2,0.744889,0.05
S,internal,S3_CORE2,4,218410,RFHIC,2026-05-13,105300,2796077442600,2026-05-15,97100,-7.79,2,0.728158,0.05
S,internal,S3_CORE2,5,126340,비나텍,2026-05-13,166200,1187254353600,2026-05-15,155100,-6.68,2,0.71585,0.05
S,internal,S3_CORE2,6,042700,한미반도체,2026-05-13,400500,38172536100000,2026-05-15,369000,-7.87,2,0.710634,0.05
S,internal,S3_CORE2,7,102940,코오롱생명과학,2026-05-13,59400,777581818200,2026-05-15,54600,-8.08,2,0.651968,0.05
S,internal,S3_CORE2,8,327260,RF머트리얼즈,2026-05-13,117700,999877389500,2026-05-15,100800,-14.36,2,0.619449,0.05
S,internal,S3_CORE2,9,100790,미래에셋벤처투자,2026-05-13,57600,3059978918400,2026-05-15,54900,-4.69,2,0.592774,0.05
S,internal,S3_CORE2,10,027360,아주IB투자,2026-05-13,15710,1903194328260,2026-05-15,14310,-8.91,2,0.580786,0.05
S,internal,S3_CORE2,11,007810,코리아써키트,2026-05-13,103900,2491794218000,2026-05-15,91000,-12.42,2,0.560987,0.05
S,internal,S3_CORE2,12,240810,원익IPS,2026-05-13,131200,6439807811200,2026-05-15,114700,-12.58,2,0.533799,0.05
S,internal,S3_CORE2,13,047040,대우건설,2026-05-13,28950,11895776120100,2026-05-15,28500,-1.55,2,0.43856,0.05
S,internal,S3_CORE2,14,043260,성호전자,2026-05-13,44500,3156065623500,2026-05-15,40650,-8.65,2,0.40303,0.05
S,internal,S3_CORE2,15,050890,쏠리드,2026-05-13,16650,1011596291100,2026-05-15,15600,-6.31,2,0.39791,0.05
S,internal,S3_CORE2,16,124500,아이티센글로벌,2026-05-13,54800,1271608079600,2026-05-15,51200,-6.57,2,0.384568,0.05
S,internal,S3_CORE2,17,086520,에코프로,2026-05-13,135000,18329780520000,2026-05-15,129200,-4.3,2,0.252774,0.05
S,internal,S3_CORE2,18,032820,우리기술,2026-05-13,18140,3103686555480,2026-05-15,17130,-5.57,2,0.096876,0.05
S,internal,S3_CORE2,19,375500,DL이앤씨,2026-05-13,83200,3219309433600,2026-05-15,80300,-3.49,2,0.068753,0.05
S,internal,S3_CORE2,20,376900,로킷헬스케어,2026-05-13,70000,1101711730000,2026-05-15,68600,-2.0,2,0.01585,0.05
T,tseries,T-STOCK-V01,1,022100,포스코DX,2026-04-08,32550,,2026-04-15,32750,0.61,7,0.516285,0.142857
T,tseries,T-STOCK-V01,2,361610,SK아이이테크놀로지,2026-04-08,22350,,2026-04-15,22950,2.68,7,0.516189,0.142857
T,tseries,T-STOCK-V01,3,302440,SK바이오사이언스,2026-04-08,41750,,2026-04-15,43850,5.03,7,0.514805,0.142857
T,tseries,T-STOCK-V01,4,001430,세아베스틸지주,2026-04-08,68800,,2026-04-15,68200,-0.87,7,0.513187,0.142857
T,tseries,T-STOCK-V01,5,011200,HMM,2026-04-08,20650,19477864080500,2026-04-15,21100,2.18,7,0.512051,0.142857
T,tseries,T-STOCK-V01,6,042700,한미반도체,2026-04-08,280500,26735072100000,2026-04-15,295000,5.17,7,0.514495,0.142857
T,tseries,T-STOCK-V01,7,272210,한화시스템,2026-04-08,130600,24672872203400,2026-04-15,131500,0.69,7,0.513556,0.142857
T,tseries,T-STOCK-V01,1,047040,대우건설,2026-04-15,28500,11710867683000,2026-04-21,32850,15.26,6,0.560086,0.090909
T,tseries,T-STOCK-V01,3,420770,기가비스,2026-04-15,86800,1100255794400,2026-04-21,94400,8.76,6,0.550539,0.090909
T,tseries,T-STOCK-V01,4,010170,대한광통신,2026-04-15,19800,3078616068000,2026-04-21,15700,-20.71,6,0.545808,0.090909
T,tseries,T-STOCK-V01,6,120110,코오롱인더,2026-04-15,89600,,2026-04-21,87700,-2.12,6,0.545172,0.090909
T,tseries,T-STOCK-V01,9,187660,페니트리움바이오,2026-04-15,16850,,2026-04-21,12350,-26.71,6,0.543791,0.090909
T,tseries,T-STOCK-V01,13,322000,HD현대에너지솔루션,2026-04-15,160000,,2026-04-21,170000,6.25,6,0.536221,0.090909
T,tseries,T-STOCK-V01,14,475150,SK이터닉스,2026-04-15,55300,,2026-04-21,53200,-3.8,6,0.534936,0.090909
T,tseries,T-STOCK-V01,15,042700,한미반도체,2026-04-15,295000,28117099000000,2026-04-21,295000,0.0,6,0.530853,0.090909
T,tseries,T-STOCK-V01,16,038500,삼표시멘트,2026-04-15,16930,1827023060580,2026-04-21,16330,-3.54,6,0.530334,0.090909
T,tseries,T-STOCK-V01,17,048410,현대바이오,2026-04-15,14250,1375204401000,2026-04-21,13730,-3.65,6,0.524949,0.090909
T,tseries,T-STOCK-V01,21,272210,한화시스템,2026-04-15,131500,24842899653500,2026-04-21,131400,-0.08,6,0.525974,0.090909
T,tseries,T-STOCK-V01,1,022100,포스코DX,2026-04-21,34650,5268000000000,2026-04-27,35600,2.74,6,0.516696,0.166667
T,tseries,T-STOCK-V01,3,052690,한전기술,2026-04-21,179100,6845200000000,2026-04-27,192100,7.26,6,0.513044,0.166667
T,tseries,T-STOCK-V01,5,011200,HMM,2026-04-21,21100,19902300000000,2026-04-27,20950,-0.71,6,0.525607,0.166667
T,tseries,T-STOCK-V01,8,042700,한미반도체,2026-04-21,295000,28117100000000,2026-04-27,373500,26.61,6,0.519874,0.166667
T,tseries,T-STOCK-V01,9,029780,삼성카드,2026-04-21,54000,6256400000000,2026-04-27,53000,-1.85,6,0.519582,0.166667
T,tseries,T-STOCK-V01,10,015760,한국전력,2026-04-21,46000,29530300000000,2026-04-27,45850,-0.33,6,0.516066,0.166667
T,tseries,T-STOCK-V01,2,022100,포스코DX,2026-04-27,35600,5412436352400,2026-05-04,35350,-0.7,7,0.516489,0.166667
T,tseries,T-STOCK-V01,3,052690,한전기술,2026-04-27,192100,7342062000000,2026-05-04,186300,-3.02,7,0.513349,0.166667
T,tseries,T-STOCK-V01,4,302440,SK바이오사이언스,2026-04-27,43800,3436397021400,2026-05-04,43300,-1.14,7,0.512642,0.166667
T,tseries,T-STOCK-V01,6,180640,한진칼,2026-04-27,114900,7670985857100,2026-05-04,112300,-2.26,7,0.526278,0.166667
T,tseries,T-STOCK-V01,7,034220,LG디스플레이,2026-04-27,12650,6325000000000,2026-05-04,12310,-2.69,7,0.521608,0.166667
T,tseries,T-STOCK-V01,9,015760,한국전력,2026-04-27,45850,29434052930450,2026-05-04,44500,-2.94,7,0.512676,0.166667
T,tseries,T-STOCK-V01,1,047040,대우건설,2026-05-04,32150,13210680561700,2026-05-11,32100,-0.16,7,0.517391,0.125
T,tseries,T-STOCK-V01,4,022100,포스코DX,2026-05-04,35350,5374427670150,2026-05-11,34250,-3.11,7,0.516531,0.125
T,tseries,T-STOCK-V01,5,097230,HJ중공업,2026-05-04,28800,2600505907200,2026-05-11,27100,-5.9,7,0.514386,0.125
T,tseries,T-STOCK-V01,8,010060,OCI홀딩스,2026-05-04,355500,6637267476000,2026-05-11,319500,-10.13,7,0.513199,0.125
T,tseries,T-STOCK-V01,9,052690,한전기술,2026-05-04,186300,7120386000000,2026-05-11,171400,-8.0,7,0.512935,0.125
T,tseries,T-STOCK-V01,10,001430,세아베스틸지주,2026-05-04,71800,2574900144200,2026-05-11,73000,1.67,7,0.51223,0.125
T,tseries,T-STOCK-V01,12,476830,알지노믹스,2026-05-04,174500,2431455429000,2026-05-11,166700,-4.47,7,0.514806,0.125
T,tseries,T-STOCK-V01,13,015760,한국전력,2026-05-04,44500,28567401426500,2026-05-11,43200,-2.92,7,0.512627,0.125
T,tseries,T-STOCK-V01,1,047040,대우건설,2026-05-11,32100,13190135179800,2026-05-15,28500,-11.21,4,0.517209,0.25
T,tseries,T-STOCK-V01,4,028050,삼성E&A,2026-05-11,58600,11485600000000,2026-05-15,50600,-13.65,4,0.515736,0.25
T,tseries,T-STOCK-V01,5,361610,SK아이이테크놀로지,2026-05-11,24500,2003783950000,2026-05-15,21400,-12.65,4,0.515365,0.25
T,tseries,T-STOCK-V01,16,038500,삼표시멘트,2026-05-11,14210,1533490708260,2026-05-15,13650,-3.94,4,0.512117,0.25
